Day of the month,Month,Year,Mid averaging-period time,"Pasquill stability class
",Average 60 m wind direction (scalar) (units: deg),"Average 60 m wind speed (scalar)
 (units: m/s)","Standard deviation of 60 m wind direction
(units: deg)","Average 60 m temperature 
(units:deg C)",Average 10 m wind direction (scalar) (units: deg),Average 10 m wind speed (scalar) (units: m/s),Standard deviation of 10 m wind direction (units: deg),Average 10 m temperature (units: deg C),"Average dew point temperature (units: deg C)
",Average relative humidity (units: %),Average temperature difference/100m (units: deg C/100m),Total precipitation (units: mm),Average solar radiation (units: Watts/m**2),Average net radiation (units: Watts/m**2),Average barometric pressure (units: kPa),Average water vapor pressure (units: kPa),Average 10 cm soil temperature (units: deg C),Average 100 cm soil temperature (units: deg C),Average 10 ft soil temperature (units: deg C)
1,4,20,30,E   ,3.4,3.9,11.1,2.3,7.4,2.4,20.0,2.5,0.8,86.4,-0.4,0.0,0.00,-11.00,99.44,0.65,5.5,5.4,6.6
1,4,20,130,F   ,350.4,3.6,11.5,2.3,347.3,2.4,20.0,2.5,0.7,86.3,-0.4,0.0,0.00,-12.60,99.43,0.65,5.5,5.4,6.6
1,4,20,230,E   ,344.2,3.6,9.3,2.1,346.3,2.4,19.1,2.3,0.7,86.5,-0.4,0.0,0.00,-13.60,99.42,0.64,5.4,5.4,6.6
1,4,20,330,F   ,348.5,3.2,10.4,2.1,350.2,2.2,18.3,2.2,0.5,86.4,-0.4,0.0,0.00,-13.70,99.44,0.64,5.4,5.4,6.6
1,4,20,430,F   ,356.9,3.6,9.3,2.1,4.7,2.1,19.6,2.2,0.5,86.3,-0.3,0.0,0.00,-13.70,99.46,0.64,5.3,5.4,6.6
1,4,20,530,D   ,11.4,3.1,9.6,2.2,18.2,2.0,21.0,2.3,0.5,85.9,-0.3,0.0,3.00,-10.50,99.48,0.64,5.3,5.4,6.6
1,4,20,630,D   ,9.0,2.9,11.4,2.4,15.8,2.1,20.6,2.7,0.7,85.1,-0.5,0.0,38.60,15.90,99.53,0.65,5.2,5.4,6.6
1,4,20,730,C   ,9.0,2.6,18.8,2.9,11.7,2.4,23.2,3.3,1.1,83.2,-0.8,0.0,109.10,64.30,99.60,0.66,5.2,5.4,6.6
1,4,20,830,C   ,5.1,2.9,15.6,3.6,11.3,2.6,20.0,4.0,1.4,81.2,-0.9,0.0,197.50,124.10,99.68,0.68,5.2,5.4,6.6
1,4,20,930,B   ,17.4,1.9,27.8,5.1,28.4,2.5,37.2,5.6,2.1,75.9,-1.0,0.0,456.90,301.50,99.76,0.71,5.2,5.4,6.7
1,4,20,1030,B   ,24.7,2.2,28.1,7.1,44.2,2.7,37.5,7.4,2.6,68.8,-0.6,0.0,615.30,416.00,99.83,0.74,5.2,5.5,6.7
1,4,20,1130,B   ,28.8,2.6,40.6,8.2,45.7,3.1,34.9,8.4,2.6,62.9,-0.4,0.0,732.30,489.20,99.81,0.74,5.3,5.5,6.7
1,4,20,1230,B   ,26.7,2.6,37.0,9.4,35.4,3.2,44.0,9.5,2.6,58.5,-0.2,0.0,699.90,462.30,99.77,0.74,5.3,5.5,6.7
1,4,20,1330,B   ,36.5,2.9,28.4,9.8,57.4,3.2,28.1,10.0,2.4,56.4,-0.4,0.0,492.70,311.10,99.76,0.73,5.5,5.5,6.7
1,4,20,1430,B   ,60.4,3.8,18.8,10.1,75.5,3.9,21.0,10.4,2.6,56.0,-0.5,0.0,449.20,278.50,99.77,0.74,5.7,5.5,6.7
1,4,20,1530,B   ,72.4,4.6,13.5,9.8,85.8,4.7,15.5,10.3,3.3,59.7,-0.9,0.0,484.70,273.20,99.79,0.77,5.9,5.5,6.7
1,4,20,1630,C   ,70.4,4.7,9.8,9.5,81.0,4.3,13.9,10.0,3.0,60.1,-0.9,0.0,300.90,132.70,99.80,0.76,6.0,5.5,6.7
1,4,20,1730,C   ,70.8,5.1,7.1,8.4,82.1,4.6,9.9,8.6,2.6,64.0,-0.5,0.0,101.20,-7.70,99.79,0.74,6.2,5.5,6.7
1,4,20,1830,D   ,70.6,4.9,5.7,6.6,81.2,4.0,8.9,6.7,1.9,69.3,-0.2,0.0,3.30,-59.20,99.75,0.70,6.3,5.5,6.7
1,4,20,1930,D   ,79.9,4.1,6.2,5.3,87.6,3.3,8.1,5.2,2.0,77.1,0.2,0.0,0.00,-56.80,99.73,0.71,6.3,5.5,6.6
1,4,20,2030,E   ,80.2,4.2,5.0,4.5,89.6,3.2,7.1,4.2,2.0,82.0,0.6,0.0,0.00,-52.50,99.73,0.71,6.3,5.5,6.6
1,4,20,2130,D   ,73.6,4.4,4.3,3.6,79.8,3.2,8.3,3.3,1.9,86.4,0.5,0.0,0.00,-51.60,99.70,0.70,6.3,5.5,6.6
1,4,20,2230,D   ,76.0,4.6,4.7,2.9,80.2,3.2,8.6,2.6,1.6,89.4,0.6,0.0,0.00,-53.30,99.69,0.69,6.2,5.5,6.6
1,4,20,2330,D   ,79.7,4.0,5.0,2.4,87.3,2.9,8.2,2.0,1.3,90.9,0.8,0.0,0.00,-46.50,99.69,0.67,6.2,5.5,6.6
1,4,20,2400,X   ,42.8,3.6,15.6,5.2,55.2,3.0,22.2,5.3,1.7,76.0,-0.3,0.0,195.20,102.80,99.66,0.69,5.7,5.4,6.6
2,4,20,30,E   ,84.6,3.5,3.5,2.0,92.7,2.5,6.7,1.4,1.2,93.7,1.2,0.0,0.00,-27.90,99.69,0.67,6.1,5.5,6.6
2,4,20,130,D   ,84.8,3.2,4.3,1.9,71.3,2.0,11.0,1.0,1.0,95.3,1.6,0.0,0.00,-17.60,99.68,0.66,6.0,5.5,6.6
2,4,20,230,F   ,71.0,3.1,3.1,1.8,85.5,1.9,18.3,0.7,0.8,96.6,2.3,0.0,0.00,-13.60,99.69,0.65,5.9,5.5,6.6
2,4,20,330,E   ,84.8,3.7,7.3,2.2,102.1,2.3,7.0,-0.7    -,0.4,98.3,5.8,0.0,0.00,-13.20,99.71,0.59,5.7,5.5,6.6
2,4,20,430,D   ,96.4,4.0,3.8,2.8,75.8,2.0,8.3,-0.9    -,0.6,99.1,7.4,0.0,0.00,-10.30,99.74,0.59,5.6,5.5,6.6
2,4,20,530,D   ,113.8,3.5,7.3,3.1,114.1,1.3,41.0,-1.2    -,0.7,99.3,8.6,0.0,8.80,-0.30,99.79,0.58,5.5,5.5,6.6
2,4,20,630,B   ,130.1,4.4,3.4,3.6,83.7,1.9,10.7,0.2,0.6,99.2,6.8,0.0,141.00,80.70,99.86,0.64,5.4,5.5,6.6
2,4,20,730,C   ,121.1,3.1,11.0,3.7,107.9,2.8,15.7,3.1,2.4,90.2,1.2,0.0,320.40,209.30   1,0.00,0.73,5.3,5.5,6.6
2,4,20,830,B   ,126.7,2.4,14.8,6.2,131.3,3.0,20.9,6.6,3.2,77.0,-0.7,0.0,526.90,315.50   1,0.10,0.77,5.2,5.5,6.7
2,4,20,930,B   ,140.2,3.0,22.8,9.0,153.4,3.4,23.8,9.2,2.7,60.8,-0.3,0.0,672.50,379.00   1,0.11,0.74,5.1,5.6,6.7
2,4,20,1030,B   ,140.9,2.9,21.5,10.7,146.8,3.4,31.1,10.8,1.6,50.0,-0.2,0.0,775.10,485.30   1,0.10,0.69,5.1,5.6,6.7
2,4,20,1130,B   ,142.6,2.9,26.4,11.9,149.2,3.3,37.3,11.7,1.2,44.2,0.4,0.0,798.20,521.70   1,0.05,0.67,5.2,5.6,6.7
2,4,20,1230,B   ,157.9,3.2,26.3,13.2,168.7,3.5,29.6,13.8,0.9,40.2,-1.2,0.0,792.60,519.10   1,0.01,0.65,5.4,5.6,6.7
2,4,20,1330,B   ,144.9,3.8,15.8,13.8,151.7,4.0,21.2,14.6,0.3,36.9,-1.6,0.0,652.60,416.60,99.99,0.63,5.6,5.6,6.7
2,4,20,1430,B   ,139.5,3.2,21.1,14.6,145.2,3.5,27.6,15.4,0.2,34.9,-1.7,0.0,624.70,383.50,99.99,0.62,5.8,5.6,6.7
2,4,20,1530,B   ,149.6,3.3,23.8,15.0,153.8,3.5,28.0,15.6,0.5,35.2,-1.4,0.0,415.90,228.60,99.98,0.63,6.1,5.6,6.7
2,4,20,1630,C   ,78.2,4.6,16.9,13.9,87.2,4.3,18.1,14.6,2.2,42.5,-1.4,0.0,290.80,147.70,99.94,0.72,6.3,5.6,6.7
2,4,20,1730,C   ,91.0,4.3,10.1,13.1,96.1,3.9,11.8,13.5,1.4,43.2,-0.9,0.0,114.50,19.90,99.91,0.68,6.5,5.6,6.7
2,4,20,1830,D   ,94.5,4.3,5.2,11.5,105.3,3.5,8.4,-11.5,0.6,42.1,0.0,0.0,3.20,-38.40,99.83,0.59,6.7,5.6,6.7
2,4,20,1930,D   ,88.3,4.4,5.0,10.2,98.0,3.4,9.5,-10.2,1.5,43.1,0.0,0.0,0.00,-31.50,99.77,0.55,6.8,5.6,6.7
2,4,20,2030,E   ,88.2,3.7,5.7,9.1,101.3,2.8,7.4,-9.1,1.0,48.2,0.1,0.0,0.00,-19.80,99.75,0.57,6.8,5.6,6.7
2,4,20,2130,D   ,88.2,4.2,5.2,8.4,94.0,3.1,8.7,-8.4,0.9,50.8,-0.1,0.0,0.00,-11.10,99.72,0.57,6.9,5.6,6.7
2,4,20,2230,D   ,93.0,4.0,7.8,8.3,94.4,2.8,8.7,-8.2,0.5,53.3,0.1,0.0,0.00,-7.50,99.74,0.59,6.9,5.6,6.7
2,4,20,2330,D   ,92.0,4.3,5.2,8.2,85.2,2.9,7.8,8.1,0.3,56.6,0.3,0.0,0.00,-8.10,99.73,0.63,6.8,5.6,6.7
2,4,20,2400,X   ,106.8,3.6,12.4,8.3,113.5,3.0,20.2,7.7,0.6,63.8,1.1,0.0,255.70,146.20,99.87,0.64,5.9,5.6,6.7
3,4,20,30,F   ,90.3,2.3,11.7,8.4,34.3,2.0,21.9,8.0,0.5,57.8,0.8,0.0,0.00,-8.20,99.72,0.64,6.8,5.6,6.7
3,4,20,130,E   ,110.6,2.9,12.2,9.0,67.4,1.9,12.6,7.9,1.1,60.7,2.2,0.0,0.00,-7.50,99.71,0.66,6.8,5.6,6.7
3,4,20,230,E   ,84.3,5.6,18.1,8.7,71.5,3.6,26.9,7.8,1.6,63.5,1.9,0.0,0.00,-6.80,99.64,0.69,6.7,5.6,6.7
3,4,20,330,F   ,187.7,3.7,25.3,8.4,186.6,2.6,26.2,7.9,2.4,66.5,1.1,0.0,0.00,-7.90,99.68,0.73,6.7,5.6,6.7
3,4,20,430,D   ,137.8,3.7,15.5,9.4,102.1,2.5,15.7,8.0,2.5,66.7,2.8,0.0,0.00,-11.00,99.64,0.73,6.7,5.6,6.7
3,4,20,530,D   ,112.3,4.0,14.1,9.0,82.3,2.7,8.1,8.0,2.4,66.3,2.0,0.0,6.70,-8.20,99.63,0.73,6.6,5.6,6.7
3,4,20,630,C   ,113.6,4.1,9.7,8.8,97.6,2.8,9.9,8.2,2.8,67.4,1.1,0.0,61.40,35.20,99.67,0.75,6.6,5.6,6.7
3,4,20,730,C   ,131.0,3.3,20.1,9.6,125.4,3.1,13.8,9.8,4.0,65.8,-0.4,0.0,243.70,157.40,99.71,0.81,6.6,5.6,6.7
3,4,20,830,B   ,152.2,3.5,12.2,12.0,155.6,3.6,14.7,12.5,4.7,58.2,-1.1,0.0,364.10,237.10,99.79,0.86,6.6,5.6,6.7
3,4,20,930,B   ,167.0,4.4,16.7,14.6,172.4,4.4,16.2,15.3,4.8,49.1,-1.4,0.0,444.30,293.10,99.86,0.86,6.6,5.7,6.7
3,4,20,1030,B   ,179.3,4.7,15.4,15.6,191.5,4.4,18.3,16.4,5.2,47.2,-1.6,0.0,405.20,268.00,99.89,0.89,6.6,5.7,6.7
3,4,20,1130,B   ,203.8,4.3,19.2,16.2,215.2,4.2,19.2,17.0,4.9,44.5,-1.6,0.0,405.20,265.70,99.85,0.87,6.7,5.7,6.7
3,4,20,1230,B   ,184.4,4.3,18.8,17.6,191.6,4.2,18.3,18.6,5.6,42.5,-1.9,0.0,720.90,476.10,99.79,0.91,6.9,5.7,6.7
3,4,20,1330,B   ,183.3,4.1,20.3,18.6,190.3,3.9,26.9,19.4,6.6,43.1,-1.7,0.0,605.20,386.80,99.75,0.98,7.1,5.7,6.7
3,4,20,1430,B   ,176.8,4.1,23.4,19.0,181.8,3.9,32.1,19.9,7.1,43.5,-1.7,0.0,442.80,273.60,99.71,1.01,7.3,5.7,6.7
3,4,20,1530,B   ,172.3,4.6,23.3,19.4,178.1,4.2,21.0,20.2,7.3,43.4,-1.6,0.0,360.20,204.30,99.67,1.03,7.5,5.7,6.7
3,4,20,1630,C   ,179.8,4.7,15.0,19.0,187.1,3.8,15.3,19.6,7.4,44.8,-1.1,0.0,106.20,51.30,99.65,1.03,7.8,5.7,6.7
3,4,20,1730,D   ,164.2,4.2,6.3,18.7,166.0,3.2,10.1,19.0,7.3,46.3,-0.5,0.0,11.70,-1.20,99.59,1.03,7.9,5.7,6.7
3,4,20,1830,D   ,164.8,4.1,5.1,18.3,164.1,2.8,9.0,18.4,7.4,48.1,-0.2,0.0,0.90,-9.90,99.53,1.03,8.1,5.7,6.7
3,4,20,1930,F   ,184.9,4.4,12.8,17.6,167.9,2.2,25.5,17.5,7.5,51.3,0.4,0.0,0.00,-12.50,99.50,1.04,8.2,5.7,6.7
3,4,20,2030,D   ,207.5,5.0,11.3,17.4,217.0,3.3,15.2,17.4,7.9,53.1,-0.1,0.0,0.00,-9.50,99.49,1.07,8.3,5.7,6.7
3,4,20,2130,D   ,271.8,5.3,18.3,15.3,277.2,4.5,12.5,15.7,9.8,67.0,-0.7,0.0,0.00,-11.90,99.50,1.21,8.3,5.7,6.7
3,4,20,2230,D   ,282.8,5.4,9.1,12.1,281.5,4.9,12.2,12.5,9.2,78.8,-0.8,0.0,0.00,-13.30,99.51,1.17,8.4,5.7,6.7
3,4,20,2330,D   ,292.3,5.8,9.5,9.5,294.1,4.9,12.8,9.8,7.2,81.6,-0.8,0.0,0.00,-9.40,99.51,1.02,8.4,5.7,6.7
3,4,20,2400,X   ,173.3,4.3,12.2,13.8,181.4,3.5,18.4,13.9,5.3,56.5,-0.2,0.0,174.10,105.50,99.67,0.91,7.3,5.7,6.7
4,4,20,30,D   ,306.4,4.6,11.1,7.7,306.8,3.6,14.6,7.9,6.6,89.3,-0.4,0.2,0.00,-5.00,99.48,0.98,8.3,5.7,6.7
4,4,20,130,D   ,290.7,3.9,9.3,7.3,293.1,3.5,14.0,7.6,6.6,91.7,-0.6,0.0,0.00,-6.30,99.48,0.98,8.3,5.7,6.7
4,4,20,230,D   ,301.2,4.2,9.7,6.9,301.0,3.8,13.0,7.2,6.4,92.8,-0.6,0.2,0.00,-5.30,99.48,0.97,8.3,5.7,6.7
4,4,20,330,D   ,299.2,4.8,9.0,5.9,301.7,4.3,12.5,6.2,5.7,94.3,-0.6,0.4,0.00,-5.20,99.51,0.92,8.2,5.7,6.7
4,4,20,430,D   ,311.0,5.9,11.2,4.4,311.9,4.6,13.7,4.7,4.3,94.2,-0.6,0.0,0.00,-5.60,99.55,0.83,8.2,5.7,6.7
4,4,20,530,D   ,329.0,5.9,8.8,3.4,330.7,4.3,14.8,3.6,3.1,93.6,-0.4,0.2,1.00,-4.30,99.60,0.77,8.1,5.7,6.7
4,4,20,630,D   ,327.7,6.3,9.7,2.6,330.7,4.7,14.6,2.8,2.2,93.1,-0.4,0.0,17.50,9.40,99.65,0.72,8.1,5.7,6.7
4,4,20,730,C   ,328.7,5.5,10.7,2.6,333.4,4.2,14.9,2.9,2.1,92.3,-0.5,0.0,64.60,41.60,99.70,0.71,8.0,5.7,6.7
4,4,20,830,C   ,332.6,4.7,13.8,2.6,332.3,3.8,16.8,2.9,1.8,89.5,-0.7,0.0,112.20,74.40,99.76,0.70,7.9,5.7,6.7
4,4,20,930,C   ,334.9,3.6,14.5,2.7,334.9,3.4,19.2,3.2,1.8,87.8,-0.8,0.0,153.80,103.00,99.80,0.69,7.8,5.7,6.7
4,4,20,1030,C   ,336.6,3.8,16.7,2.8,332.8,3.5,20.8,3.2,1.6,86.7,-0.9,0.0,217.90,146.50,99.82,0.69,7.7,5.7,6.7
4,4,20,1130,C   ,8.5,3.5,17.4,3.5,21.7,3.2,25.5,4.0,1.8,83.2,-1.0,0.0,294.20,198.10,99.84,0.70,7.7,5.7,6.7
4,4,20,1230,B   ,21.2,2.9,21.4,4.6,34.9,3.2,27.6,5.2,2.1,78.5,-1.0,0.0,403.90,274.40,99.87,0.71,7.6,5.8,6.7
4,4,20,1330,C   ,6.6,3.0,24.8,5.3,18.1,3.0,29.1,5.8,2.2,75.4,-1.0,0.0,307.50,203.10,99.89,0.72,7.6,5.8,6.7
4,4,20,1430,C   ,25.3,2.7,19.7,5.9,39.9,3.2,26.4,6.4,2.4,73.8,-1.0,0.0,329.10,217.30,99.87,0.73,7.6,5.8,6.7
4,4,20,1530,C   ,33.3,2.5,19.7,6.3,42.2,2.8,23.3,6.7,2.6,73.1,-0.9,0.0,201.10,128.30,99.86,0.74,7.7,5.8,6.7
4,4,20,1630,C   ,40.5,2.2,17.0,6.5,49.4,2.6,20.6,6.8,2.6,72.2,-0.7,0.0,84.60,48.20,99.84,0.74,7.7,5.8,6.7
4,4,20,1730,C   ,72.4,2.9,18.1,6.0,84.6,3.0,14.7,6.2,2.2,73.6,-0.5,0.0,72.30,-5.00,99.81,0.72,7.7,5.8,6.7
4,4,20,1830,D   ,88.7,3.8,10.6,4.8,98.3,3.3,9.4,4.8,1.9,78.9,0.0,0.0,5.40,-60.50,99.78,0.70,7.7,5.8,6.7
4,4,20,1930,D   ,78.6,4.0,6.2,3.5,86.7,3.3,8.5,3.5,1.3,82.9,0.0,0.0,0.00,-62.60,99.75,0.67,7.7,5.8,6.7
4,4,20,2030,D   ,77.5,3.6,5.8,2.7,85.1,2.7,10.4,1.8,1.1,86.7,1.8,0.0,0.00,-54.90,99.73,0.66,7.7,5.8,6.7
4,4,20,2130,D   ,75.4,3.6,5.0,2.5,84.3,2.3,10.7,0.7,0.9,89.0,3.6,0.0,0.00,-45.40,99.71,0.65,7.6,5.8,6.7
4,4,20,2230,F   ,90.4,2.7,5.0,2.5,108.9,1.5,20.4,0.2,0.9,92.0,4.5,0.0,0.00,-26.20,99.72,0.65,7.4,5.8,6.6
4,4,20,2330,F   ,88.7,2.1,6.1,2.4,55.9,1.3,43.4,0.3,1.0,92.0,4.2,0.0,0.00,-18.80,99.72,0.66,7.3,5.8,6.6
4,4,20,2400,X   ,353.9,3.9,12.4,4.4,357.7,3.3,19.9,4.4,2.7,85.7,0.1,1.0,94.40,47.50,99.72,0.75,7.8,5.7,6.7
5,4,20,30,F   ,15.1,2.3,45.5,2.5,345.5,2.0,22.4,0.4,1.0,91.8,4.2,0.0,0.00,-18.00,99.73,0.66,7.2,5.8,6.6
5,4,20,130,D   ,7.1,4.9,7.6,2.5,357.5,2.6,13.5,0.3,0.9,91.6,4.3,0.0,0.00,-20.70,99.71,0.65,7.1,5.8,6.7
5,4,20,230,D   ,24.5,4.8,7.1,2.0,28.6,2.8,16.0,0.3,0.7,90.3,3.5,0.0,0.00,-32.60,99.68,0.64,6.9,5.8,6.7
5,4,20,330,E   ,19.7,4.5,9.4,1.6,27.9,2.7,18.3,0.1,0.5,90.4,3.1,0.0,0.00,-35.50,99.71,0.64,6.8,5.8,6.7
5,4,20,430,E   ,19.2,4.4,7.4,1.4,22.5,2.4,19.1,-0.3,0.4,92.1,3.2,0.0,0.00,-36.10,99.75,0.63,6.7,5.8,6.7
5,4,20,530,D   ,19.4,4.6,8.2,1.5,24.7,2.4,19.9,-0.2,0.5,92.5,3.5,0.0,9.30,-16.30,99.82,0.64,6.6,5.8,6.7
5,4,20,630,C   ,32.3,4.9,11.9,2.0,42.4,3.9,16.6,0.8,0.9,89.0,2.6,0.0,92.00,38.30,99.89,0.66,6.5,5.8,6.7
5,4,20,730,B   ,51.5,5.4,10.6,3.7,56.3,4.7,15.9,2.2,0.2,73.4,2.9,0.0,362.90,201.30,99.97,0.62,6.4,5.9,6.7
5,4,20,830,C   ,51.0,6.3,11.9,4.9,59.3,5.4,17.2,-2.5,1.5,59.1,4.8,0.0,433.40,266.60   1,0.07,0.55,6.3,5.9,6.7
5,4,20,930,C   ,60.0,6.7,11.3,5.6,71.4,5.8,16.0,-3.1,3.2,49.3,4.9,0.0,662.70,415.40   1,0.10,0.48,6.2,5.9,6.7
5,4,20,1030,C   ,55.0,6.2,12.2,6.0,63.2,5.5,15.4,-3.9,4.2,43.8,4.4,0.0,715.60,465.80   1,0.13,0.45,6.2,5.9,6.7
5,4,20,1130,C   ,62.7,5.4,14.1,6.9,76.2,5.4,15.7,-5.7,4.6,40.6,2.5,0.0,655.20,426.40   1,0.14,0.44,6.3,5.9,6.7
5,4,20,1230,C   ,60.3,5.3,14.7,7.9,74.2,5.0,16.7,-7.8,4.8,36.8,0.3,0.0,868.00,565.10   1,0.09,0.43,6.4,5.9,6.7
5,4,20,1330,B   ,57.9,4.3,16.9,9.0,68.4,4.5,21.1,-9.5,6.0,31.4,-0.9,0.0,799.50,505.90   1,0.08,0.39,6.5,5.9,6.7
5,4,20,1430,B   ,69.7,4.7,15.1,9.5,82.6,4.8,18.3,-10.3,9.5,23.3,-1.6,0.0,693.80,413.10   1,0.09,0.30,6.7,6.0,6.7
5,4,20,1530,B   ,70.0,4.2,12.2,9.5,81.9,4.4,15.6,-10.4,9.9,22.7,-1.7,0.0,509.40,270.50   1,0.08,0.29,6.8,6.0,6.7
5,4,20,1630,C   ,63.9,4.5,12.1,9.3,73.7,4.3,15.4,-9.9,8.9,25.1,-1.3,0.0,331.60,137.20   1,0.04,0.31,7.0,6.0,6.7
5,4,20,1730,C   ,65.3,4.0,11.7,8.3,76.6,4.2,12.9,-8.7,7.9,29.4,-0.8,0.0,127.20,-8.90   1,0.01,0.34,7.1,6.0,6.7
5,4,20,1830,D   ,64.7,4.3,6.1,6.8,76.6,3.8,10.9,-6.9,8.2,32.5,-0.2,0.0,6.90,-65.90,99.90,0.33,7.2,6.0,6.7
5,4,20,1930,D   ,67.1,3.8,6.1,5.7,79.4,2.9,10.3,-5.5,7.1,38.6,0.4,0.0,0.00,-62.00,99.83,0.36,7.2,6.0,6.7
5,4,20,2030,D   ,72.8,4.4,5.0,4.5,81.1,3.3,9.0,-4.2,5.1,49.2,0.6,0.0,0.00,-63.00,99.79,0.42,7.2,5.9,6.7
5,4,20,2130,D   ,69.9,5.2,3.8,3.8,73.9,3.2,8.7,-3.2,3.1,61.0,1.3,0.0,0.00,-60.60,99.75,0.49,7.1,5.9,6.7
5,4,20,2230,D   ,62.1,5.4,5.6,3.6,63.5,3.4,11.5,-2.8,3.3,61.9,1.6,0.0,0.00,-56.70,99.74,0.48,7.0,6.0,6.7
5,4,20,2330,D   ,63.6,5.4,4.9,3.2,69.1,3.5,11.2,-2.5,2.2,68.2,1.4,0.0,0.00,-56.30,99.73,0.52,6.9,6.0,6.7
5,4,20,2400,X   ,51.7,4.8,11.7,5.1,62.7,3.9,15.7,-4.2,3.5,57.7,1.8,0.0,261.10,132.20,99.91,0.49,6.8,5.9,6.7
6,4,20,30,D   ,68.7,6.1,4.4,2.9,74.0,3.7,10.9,-2.1,0.5,79.4,1.5,0.0,0.00,-57.00,99.70,0.59,6.8,6.0,6.7
6,4,20,130,D   ,76.7,5.5,5.4,2.6,81.9,3.4,9.1,1.9,0.3,85.4,1.3,0.0,0.00,-54.40,99.68,0.63,6.7,6.0,6.7
6,4,20,230,D   ,86.2,4.5,4.2,2.3,82.9,3.1,7.6,1.8,0.6,88.2,1.1,0.0,0.00,-48.00,99.65,0.64,6.5,6.0,6.7
6,4,20,330,D   ,88.1,4.6,5.9,2.7,76.5,2.9,10.2,1.9,0.8,88.4,1.6,0.0,0.00,-43.70,99.65,0.65,6.4,6.0,6.7
6,4,20,430,D   ,105.4,4.7,7.5,3.3,77.6,3.1,9.6,2.0,0.8,88.3,2.7,0.0,0.00,-38.90,99.64,0.65,6.3,6.0,6.7
6,4,20,530,D   ,138.3,5.5,10.6,4.0,101.9,3.2,9.8,2.0,1.0,89.8,4.0,0.0,17.30,-14.40,99.64,0.66,6.2,6.0,6.7
6,4,20,630,C   ,167.7,5.6,12.1,5.2,129.1,2.2,23.4,3.2,2.0,88.8,4.0,0.0,67.60,33.90,99.71,0.71,6.1,6.0,6.7
6,4,20,730,C   ,171.1,4.0,9.5,6.6,161.6,2.5,18.1,6.2,3.9,83.1,0.8,0.0,284.20,154.00,99.77,0.81,6.0,6.0,6.7
6,4,20,830,B   ,154.9,5.1,11.1,10.1,159.8,5.0,13.9,10.6,2.7,57.1,-0.9,0.0,531.40,312.70,99.86,0.75,6.0,6.1,6.7
6,4,20,930,C   ,160.2,4.8,16.1,11.6,164.7,5.3,17.4,12.0,3.2,53.0,-0.9,0.0,700.50,435.60,99.89,0.77,6.0,6.1,6.8
6,4,20,1030,C   ,159.7,5.4,13.8,12.4,169.2,5.5,19.4,13.1,4.1,52.7,-1.3,0.0,807.20,518.80,99.81,0.82,6.0,6.1,6.8
6,4,20,1130,C   ,162.1,5.1,18.6,13.9,170.7,5.4,20.4,14.7,4.0,47.3,-1.8,0.0,832.30,539.00,99.73,0.82,6.1,6.1,6.8
6,4,20,1230,C   ,184.9,5.5,17.5,15.0,192.6,5.2,20.8,15.8,6.0,50.9,-1.5,0.0,631.90,419.20,99.72,0.94,6.3,6.1,6.8
6,4,20,1330,C   ,209.1,3.9,17.1,15.3,219.5,4.2,21.2,15.9,7.3,55.7,-1.1,0.0,210.50,136.10,99.67,1.02,6.6,6.1,6.8
6,4,20,1430,C   ,187.5,6.1,13.1,16.0,197.2,5.7,17.6,16.7,8.9,58.8,-1.5,0.0,457.10,298.90,99.57,1.14,6.9,6.1,6.8
6,4,20,1530,C   ,194.2,4.1,12.5,16.8,206.9,4.4,16.4,17.4,9.0,57.1,-1.2,0.0,214.60,129.40,99.54,1.15,7.1,6.2,6.8
6,4,20,1630,C   ,209.3,3.7,12.1,17.0,220.2,3.7,17.0,17.4,9.5,58.6,-0.8,0.0,75.30,37.50,99.48,1.19,7.3,6.1,6.8
6,4,20,1730,C   ,194.6,3.9,9.9,17.0,200.9,3.4,11.9,17.4    1,0.1,61.4,-0.6,0.0,54.50,11.10,99.41,1.24,7.5,6.1,6.8
6,4,20,1830,D   ,177.7,5.4,9.4,16.7,175.0,3.2,13.8,16.7    1,0.5,65.3,0.0,0.0,1.80,-20.10,99.30,1.27,7.7,6.1,6.8
6,4,20,1930,F   ,182.3,4.6,10.4,16.3,176.2,2.6,22.5,16.1    1,1.2,71.3,0.4,0.0,0.00,-30.00,99.26,1.34,7.8,6.1,6.7
6,4,20,2030,F   ,191.9,4.0,17.9,16.2,206.2,2.6,37.3,16.1    1,1.9,75.1,0.0,0.0,0.00,-4.90,99.29,1.40,7.9,6.1,6.7
6,4,20,2130,D   ,181.9,6.4,7.4,16.0,188.4,3.7,11.3,16.0    1,2.1,76.4,0.0,0.0,0.00,-7.20,99.28,1.41,8.0,6.1,6.8
6,4,20,2230,F   ,201.4,3.2,16.5,15.6,206.6,2.1,29.7,15.6    1,2.3,79.2,0.0,0.6,0.00,-5.30,99.25,1.43,8.0,6.1,6.7
6,4,20,2330,E   ,219.3,3.8,21.0,15.5,201.7,2.4,21.6,15.0    1,2.8,84.6,0.8,1.4,0.00,-1.20,99.22,1.48,8.0,6.2,6.7
6,4,20,2400,X   ,162.0,4.8,10.1,11.3,167.4,3.7,18.5,11.2,6.0,70.7,0.3,2.0,203.60,112.50,99.57,0.98,6.9,6.1,6.7
7,4,20,30,D   ,216.1,3.7,17.8,15.2,189.9,2.7,12.9,14.1    1,3.2,90.4,2.2,0.2,0.00,-1.20,99.16,1.52,8.0,6.2,6.7
7,4,20,130,F   ,196.6,2.1,13.3,14.8,109.4,2.2,46.5,13.7    1,3.4,94.9,2.3,0.0,0.00,-5.30,99.06,1.54,8.1,6.1,6.7
7,4,20,230,F   ,164.2,3.8,6.3,14.9,124.9,2.4,24.8,13.2    1,3.3,97.4,3.5,0.0,0.00,-9.20,98.99,1.53,8.1,6.1,6.7
7,4,20,330,D   ,149.8,4.7,4.1,14.1,137.8,2.6,9.6,13.1    1,3.2,97.4,1.9,0.0,0.00,-4.10,98.95,1.52,8.1,6.2,6.7
7,4,20,430,D   ,166.9,4.2,9.2,13.6,145.1,2.4,10.9,12.9    1,3.0,97.1,1.4,0.0,0.00,-4.10,98.91,1.50,8.1,6.2,6.7
7,4,20,530,D   ,195.3,4.5,7.1,14.0,183.8,2.8,7.8,12.9    1,2.7,95.0,2.2,0.0,10.20,2.20,98.88,1.47,8.1,6.2,6.7
7,4,20,630,C   ,215.4,4.6,6.7,14.4,216.4,2.7,11.7,13.6    1,2.8,92.0,1.5,0.0,56.60,37.20,98.90,1.49,8.1,6.2,6.7
7,4,20,730,C   ,238.7,4.2,10.6,14.8,246.1,3.3,12.2,14.8    1,3.5,89.0,0.0,0.0,198.10,129.10,98.96,1.55,8.1,6.2,6.8
7,4,20,830,B   ,249.7,4.3,10.9,16.5,255.4,4.4,13.4,16.9    1,4.3,83.0,-0.8,0.0,471.80,306.30,99.02,1.63,8.1,6.2,6.8
7,4,20,930,B   ,254.8,4.5,11.8,17.7,258.4,4.7,15.3,18.2    1,4.8,79.4,-1.0,0.0,436.30,292.40,99.08,1.69,8.2,6.2,6.8
7,4,20,1030,B   ,250.1,3.6,14.1,18.6,256.0,4.0,16.1,19.3    1,5.3,76.4,-1.3,0.0,500.90,338.40,99.06,1.74,8.3,6.2,6.8
7,4,20,1130,B   ,214.4,4.1,19.9,19.8,220.0,4.2,17.6,20.5    1,5.8,73.5,-1.4,0.0,655.70,442.90,98.97,1.80,8.4,6.2,6.8
7,4,20,1230,C   ,203.2,5.6,15.3,21.6,214.3,5.1,20.7,22.5    1,6.2,66.8,-1.8,0.0,800.80,541.10,98.86,1.85,8.6,6.3,6.8
7,4,20,1330,D   ,214.6,7.8,13.0,23.6,222.6,6.3,16.1,24.5    1,5.4,56.6,-1.9,0.0,622.00,414.90,98.77,1.75,8.9,6.3,6.8
7,4,20,1430,D   ,225.6,9.0,11.1,24.6,233.8,7.1,14.0,25.6    1,5.4,52.9,-2.0,0.0,606.80,388.70,98.70,1.75,9.1,6.3,6.8
7,4,20,1530,D   ,221.8,8.7,14.5,25.1,230.5,6.7,14.9,26.0    1,5.5,52.3,-1.7,0.0,415.50,248.00,98.65,1.77,9.5,6.3,6.8
7,4,20,1630,D   ,228.7,8.5,13.3,25.7,236.6,6.7,15.6,26.4    1,5.7,51.6,-1.4,0.0,294.50,151.10,98.61,1.78,9.8,6.3,6.8
7,4,20,1730,D   ,243.6,7.6,17.1,25.3,249.4,5.9,12.5,25.7    1,5.7,53.5,-0.8,0.0,108.50,19.00,98.56,1.78    1,0.0,6.3,6.8
7,4,20,1830,D   ,270.2,8.4,7.0,24.3,275.0,5.3,10.2,24.4    1,5.4,56.8,-0.1,0.0,3.40,-30.00,98.55,1.76    1,0.2,6.3,6.8
7,4,20,1930,D   ,292.7,5.6,19.5,23.3,298.7,3.4,14.2,23.0    1,6.2,65.0,0.5,0.4,0.00,-10.70,98.54,1.85    1,0.4,6.3,6.8
7,4,20,2030,D   ,296.3,6.3,8.5,21.7,298.5,4.2,14.4,21.7    1,6.3,70.7,0.2,0.0,0.00,-30.40,98.58,1.86    1,0.5,6.3,6.8
7,4,20,2130,D   ,311.5,6.3,11.4,21.2,314.6,3.7,11.5,20.9    1,5.4,69.4,0.5,0.0,0.00,-34.70,98.55,1.75    1,0.6,6.3,6.8
7,4,20,2230,D   ,337.3,6.3,11.3,18.8,336.8,3.8,16.3,19.0    1,4.6,74.2,-0.3,0.0,0.00,-47.00,98.61,1.66    1,0.6,6.3,6.8
7,4,20,2330,E   ,25.1,3.9,28.2,16.4,43.3,2.8,19.1,16.6    1,4.4,85.1,-0.5,0.0,0.00,-30.00,98.67,1.64    1,0.6,6.3,6.8
7,4,20,2400,X   ,237.1,5.5,10.0,19.2,241.1,4.2,17.4,19.1    1,4.6,75.9,0.1,0.6,215.90,129.40,98.82,1.67,9.0,6.2,6.8
8,4,20,30,D   ,64.0,3.8,10.1,13.3,73.3,2.9,12.2,13.4    1,2.1,90.2,-0.3,0.0,0.00,-49.30,98.68,1.42    1,0.6,6.3,6.8
8,4,20,130,D   ,59.5,3.9,6.9,11.9,66.5,2.7,12.8,12.0    1,1.0,91.7,-0.2,0.0,0.00,-47.90,98.65,1.32    1,0.6,6.3,6.8
8,4,20,230,D   ,64.4,3.9,9.3,11.1,75.4,3.2,11.4,11.3    1,0.5,92.6,-0.5,0.0,0.00,-10.20,98.68,1.27    1,0.6,6.3,6.8
8,4,20,330,D   ,80.4,2.9,15.3,10.3,90.6,2.5,13.4,10.5,9.9,93.9,-0.4,0.0,0.00,-29.50,98.68,1.22    1,0.5,6.3,6.8
8,4,20,430,D   ,78.1,2.5,8.4,9.7,94.7,2.3,9.9,9.9,9.4,95.2,-0.4,0.0,0.00,-6.20,98.73,1.18    1,0.4,6.3,6.8
8,4,20,530,D   ,76.2,2.4,14.4,9.8,95.2,2.3,18.1,10.1,9.6,94.8,-0.5,0.0,6.20,1.10,98.77,1.20    1,0.4,6.3,6.8
8,4,20,630,C   ,144.0,2.4,26.7,9.7,152.5,2.5,17.0,10.1,9.5,94.3,-0.8,0.0,65.30,40.10,98.80,1.19    1,0.3,6.3,6.8
8,4,20,730,C   ,183.3,1.8,25.1,10.0,190.6,2.2,22.1,10.4,9.6,93.1,-0.9,0.0,150.90,100.60,98.88,1.19    1,0.2,6.3,6.8
8,4,20,830,B   ,136.2,2.1,31.6,11.4,140.4,2.5,31.4,11.9    1,0.0,86.7,-1.1,0.0,511.60,300.30,98.93,1.23    1,0.2,6.3,6.8
8,4,20,930,B   ,88.4,1.7,39.0,13.9,80.5,2.3,43.6,14.4    1,0.5,76.1,-1.0,0.0,697.80,436.40,99.00,1.27    1,0.2,6.4,6.8
8,4,20,1030,B   ,141.3,2.9,20.8,15.9,140.8,3.2,22.4,16.6    1,0.2,64.7,-1.4,0.0,809.20,518.70,98.96,1.25    1,0.2,6.4,6.8
8,4,20,1130,B   ,155.5,3.1,23.9,17.9,159.2,3.3,27.6,18.8    1,0.1,56.3,-1.7,0.0,746.90,485.10,98.86,1.24    1,0.2,6.4,6.8
8,4,20,1230,A   ,207.5,2.2,35.4,20.3,217.8,2.7,48.0,21.1,8.5,44.0,-1.6,0.0,870.80,572.80,98.90,1.11    1,0.4,6.4,6.8
8,4,20,1330,B   ,229.4,3.1,30.0,21.4,242.3,3.3,30.6,22.3,5.1,32.6,-1.8,0.0,758.30,481.70,98.84,0.88    1,0.6,6.4,6.8
8,4,20,1430,B   ,264.9,4.0,17.5,22.1,276.2,4.2,23.4,22.9,3.6,28.1,-1.7,0.0,679.90,420.20,98.79,0.80    1,0.8,6.4,6.8
8,4,20,1530,C   ,16.8,4.0,75.7,20.3,30.7,3.5,40.9,20.8,5.8,39.2,-1.0,0.0,104.20,47.60,98.71,0.94    1,1.1,6.4,6.8
8,4,20,1630,D   ,11.0,8.4,20.3,14.0,21.3,5.3,26.3,14.6,9.4,70.1,-1.2,0.0,66.90,28.00,98.76,1.18    1,1.3,6.4,6.8
8,4,20,1730,D   ,348.3,7.3,18.6,10.9,352.8,4.3,25.5,11.0,9.0,84.6,-0.2,0.6,13.40,-2.20,98.81,1.15    1,1.4,6.4,6.8
8,4,20,1830,D   ,30.7,3.9,21.0,10.6,43.7,2.8,22.1,10.7,9.0,87.4,-0.2,0.0,0.80,-13.30,98.61,1.15    1,1.5,6.4,6.8
8,4,20,1930,E   ,339.6,3.5,27.5,10.5,335.3,2.6,22.2,10.6,8.8,87.4,-0.2,0.0,0.00,-31.60,98.59,1.14    1,1.5,6.4,6.8
8,4,20,2030,D   ,313.1,5.5,10.8,9.7,312.8,3.8,12.9,9.8,7.8,85.6,-0.2,0.0,0.00,-60.40,98.61,1.06    1,1.5,6.4,6.8
8,4,20,2130,D   ,297.6,6.1,8.0,8.9,299.3,4.3,11.5,9.0,7.2,86.8,-0.2,0.0,0.00,-61.60,98.59,1.02    1,1.4,6.4,6.8
8,4,20,2230,D   ,292.7,7.3,8.9,8.6,295.5,5.2,12.3,8.7,6.5,84.2,-0.2,0.0,0.00,-65.40,98.56,0.97    1,1.3,6.4,6.8
8,4,20,2330,D   ,292.3,7.2,9.0,8.2,292.7,5.1,13.5,8.2,4.9,78.0,-0.1,0.0,0.00,-68.20,98.57,0.87    1,1.2,6.4,6.8
8,4,20,2400,X   ,351.4,4.0,18.5,12.9,2.1,3.3,24.5,13.3,8.7,76.6,-0.7,0.6,228.40,124.50,98.75,1.14    1,0.8,6.3,6.8
9,4,20,30,D   ,299.5,9.2,9.0,7.5,300.6,6.6,12.9,7.6,1.1,61.9,-0.1,0.0,0.00,-68.80,98.59,0.66    1,1.0,6.4,6.8
9,4,20,130,D   ,299.5,9.1,9.6,6.5,301.8,6.6,12.9,-6.5,1.9,53.5,-0.1,0.0,0.00,-69.70,98.60,0.53    1,0.9,6.4,6.8
9,4,20,230,D   ,296.6,9.1,9.8,5.6,298.4,6.9,12.9,-5.7,2.4,54.3,-0.2,0.0,0.00,-69.70,98.63,0.51    1,0.7,6.4,6.7
9,4,20,330,D   ,298.7,9.2,9.4,4.8,301.3,7.0,12.4,-4.9,2.8,55.6,-0.2,0.0,0.00,-70.30,98.64,0.50    1,0.5,6.4,6.7
9,4,20,430,D   ,295.7,7.9,9.7,4.0,298.5,6.1,13.0,-4.1,3.0,58.3,-0.2,0.0,0.00,-70.20,98.65,0.49    1,0.3,6.4,6.7
9,4,20,530,D   ,289.1,8.3,9.9,3.3,290.9,6.3,12.2,-3.4,3.0,61.2,-0.2,0.0,18.20,-61.00,98.71,0.49    1,0.1,6.4,6.7
9,4,20,630,D   ,293.7,8.4,11.2,3.2,296.2,6.6,14.0,-3.5,2.8,62.1,-0.6,0.0,170.10,43.90,98.79,0.50,9.9,6.5,6.8
9,4,20,730,D   ,296.1,8.3,11.6,3.9,298.3,7.0,15.4,-4.4,3.6,54.9,-1.0,0.0,382.50,195.40,98.86,0.47,9.8,6.5,6.8
9,4,20,830,D   ,294.0,9.4,13.0,4.5,296.3,7.7,15.7,-5.2,4.9,47.4,-1.3,0.0,580.50,337.10,98.87,0.43,9.6,6.5,6.8
9,4,20,930,C   ,298.5    1,1.6,11.9,5.3,298.9,9.2,15.6,-5.9,6.2,40.4,-1.2,0.0,740.60,458.20,98.84,0.39,9.5,6.5,6.8
9,4,20,1030,C   ,297.4    1,2.2,13.0,6.1,299.6,9.6,16.2,-6.9,7.7,33.3,-1.6,0.0,859.30,548.50,98.80,0.34,9.4,6.5,6.8
9,4,20,1130,C   ,293.7    1,2.6,12.5,6.8,296.9,9.8,15.6,-7.8,8.3,30.1,-2.0,0.0,894.10,579.50,98.77,0.33,9.3,6.5,6.8
9,4,20,1230,C   ,293.4    1,2.8,14.2,7.1,296.8    1,0.1,15.4,-8.0,8.7,28.7,-1.8,0.0,829.90,531.90,98.78,0.32,9.3,6.6,6.8
9,4,20,1330,D   ,307.2    1,1.3,12.7,6.8,309.1,8.9,16.2,-7.5,7.7,32.3,-1.4,0.0,502.40,309.30,98.80,0.34,9.4,6.6,6.8
9,4,20,1430,D   ,293.0    1,1.4,12.8,6.4,294.7,9.0,14.4,-7.1,6.7,36.1,-1.4,0.0,504.30,294.00,98.79,0.37,9.4,6.6,6.8
9,4,20,1530,D   ,306.0    1,1.1,16.2,5.5,308.3,8.5,15.4,-6.2,4.9,45.2,-1.4,0.0,419.80,228.90,98.82,0.43,9.4,6.6,6.8
9,4,20,1630,D   ,298.7    1,0.0,11.6,5.4,301.9,7.8,14.7,-6.0,6.3,40.0,-1.2,0.0,324.10,140.60,98.84,0.38,9.4,6.6,6.8
9,4,20,1730,D   ,320.0,9.4,19.7,4.1,322.4,6.7,16.4,-4.5,4.9,49.5,-0.8,0.0,72.50,-2.30,98.88,0.43,9.4,6.6,6.8
9,4,20,1830,D   ,314.2,6.4,11.0,3.2,315.9,4.8,14.7,-3.4,4.7,53.9,-0.3,0.0,8.30,-61.40,98.88,0.43,9.4,6.6,6.8
9,4,20,1930,D   ,311.8,6.8,11.3,3.0,314.6,5.0,14.2,-3.2,4.3,56.6,-0.3,0.0,0.00,-70.10,98.94,0.45,9.3,6.6,6.8
9,4,20,2030,D   ,307.0,7.2,10.4,2.6,309.5,5.2,12.5,-2.7,3.7,61.0,-0.2,0.0,0.00,-69.40,99.02,0.47,9.2,6.6,6.8
9,4,20,2130,D   ,307.3,7.7,9.0,1.8,310.8,5.7,13.4,-1.9,2.4,70.6,-0.3,0.2,0.00,-68.20,99.05,0.51,9.0,6.6,6.8
9,4,20,2230,D   ,298.4,6.4,8.8,1.2,300.6,4.8,12.5,-1.3,2.6,73.3,-0.2,0.0,0.00,-68.60,99.09,0.51,8.9,6.6,6.8
9,4,20,2330,D   ,297.2,6.7,9.0,0.8,299.0,5.0,12.0,-0.9,3.3,71.4,-0.2,0.0,0.00,-68.60,99.12,0.48,8.8,6.6,6.8
9,4,20,2400,X   ,299.8,9.3,10.6,4.6,301.9,7.1,14.3,-4.9,4.4,51.3,-0.8,0.2,262.80,118.70,98.82,0.45,9.7,6.5,6.8
10,4,20,30,D   ,304.6,6.5,8.9,0.6,303.8,5.0,11.8,-0.7,4.3,67.6,-0.2,0.0,0.00,-68.60,99.15,0.45,8.6,6.6,6.7
10,4,20,130,D   ,300.4,6.1,8.5,0.3,300.2,4.4,11.8,-0.4,4.9,65.4,-0.1,0.0,0.00,-67.70,99.19,0.42,8.4,6.7,6.7
10,4,20,230,D   ,305.5,6.2,9.0,-0.1,307.0,4.6,12.3,-0.0    -,5.0,67.5,-0.1,0.0,0.00,-67.40,99.22,0.42,8.3,6.7,6.7
10,4,20,330,D   ,309.9,6.0,8.3,-0.2,310.5,4.3,12.2,-0.2    -,5.3,66.6,0.0,0.0,0.00,-66.70,99.25,0.41,8.1,6.7,6.7
10,4,20,430,D   ,312.2,5.9,8.5,-0.2,311.6,4.2,11.7,-0.2    -,5.7,64.6,0.0,0.0,0.00,-66.60,99.28,0.40,8.0,6.7,6.8
10,4,20,530,D   ,307.2,5.5,8.2,-0.2,304.9,3.9,11.6,-0.3    -,5.9,64.2,0.1,0.0,20.20,-54.30,99.35,0.39,7.8,6.7,6.7
10,4,20,630,C   ,303.2,5.3,9.5,0.4,304.1,4.4,13.8,-0.6,5.7,61.3,-0.5,0.0,173.10,49.00,99.46,0.40,7.7,6.7,6.8
10,4,20,730,B   ,311.7,5.4,13.0,1.4,310.1,4.9,16.5,-1.9,5.5,56.6,-1.0,0.0,380.30,192.90,99.58,0.41,7.6,6.8,6.8
10,4,20,830,B   ,330.6,5.5,19.0,2.7,331.0,4.4,21.8,-3.4,5.7,50.0,-1.5,0.0,584.70,340.10,99.63,0.40,7.4,6.8,6.8
10,4,20,930,B   ,323.9,5.4,20.8,3.5,327.0,4.8,23.8,-4.2,6.4,44.6,-1.3,0.0,707.60,437.80,99.67,0.38,7.4,6.8,6.8
10,4,20,1030,B   ,301.4,5.5,19.7,4.2,303.8,4.9,25.2,-5.1,6.6,41.1,-1.8,0.0,863.50,551.50,99.65,0.37,7.4,6.8,6.8
10,4,20,1130,C   ,280.2,5.9,20.3,5.0,283.0,5.6,20.1,-6.1,6.1,40.2,-2.1,0.0,926.70,594.30,99.62,0.39,7.4,6.8,6.8
10,4,20,1230,C   ,276.2,5.9,16.4,6.0,279.5,5.6,21.7,-6.9,5.6,39.6,-1.9,0.0,851.10,545.40,99.59,0.40,7.5,6.8,6.8
10,4,20,1330,C   ,276.2,5.3,19.3,6.7,276.8,5.2,23.6,-7.6,4.6,40.7,-1.7,0.0,767.80,473.20,99.54,0.43,7.7,6.9,6.8
10,4,20,1430,C   ,283.3,5.5,19.7,7.6,287.0,5.3,23.5,-8.4,4.0,40.3,-1.7,0.0,701.10,413.20,99.52,0.46,7.9,6.9,6.8
10,4,20,1530,C   ,280.8,5.8,16.7,8.2,285.3,5.4,20.0,-8.9,3.9,39.4,-1.6,0.0,538.60,289.60,99.50,0.46,8.1,6.9,6.8
10,4,20,1630,D   ,281.9,5.6,12.0,8.2,285.9,5.2,15.7,-8.8,3.5,40.9,-1.1,0.0,207.60,87.50,99.45,0.47,8.3,6.9,6.8
10,4,20,1730,C   ,280.3,5.3,10.9,8.3,283.4,4.5,13.7,-8.6,3.5,41.4,-0.8,0.0,71.60,14.30,99.37,0.47,8.5,6.9,6.8
10,4,20,1830,D   ,302.8,3.7,12.4,7.9,307.9,2.9,12.4,-8.1,3.3,43.5,-0.3,0.0,6.70,-43.50,99.31,0.48,8.6,6.9,6.8
10,4,20,1930,D   ,327.5,2.1,17.8,7.6,6.5,1.7,12.0,-7.5,3.2,45.7,0.1,0.0,0.00,-39.50,99.26,0.48,8.6,6.9,6.8
10,4,20,2030,F   ,102.8,2.1,24.1,7.0,105.7,1.9,26.7,-6.2,2.4,52.8,1.5,0.0,0.00,-37.80,99.25,0.51,8.6,6.9,6.8
10,4,20,2130,D   ,140.5,3.1,12.0,6.9,117.0,1.8,9.5,-5.2,1.9,58.7,3.2,0.0,0.00,-30.50,99.24,0.53,8.6,6.9,6.8
10,4,20,2230,D   ,177.3,2.2,15.3,7.1,104.9,1.6,10.5,-5.1,1.7,60.2,4.1,0.0,0.00,-40.00,99.23,0.54,8.5,6.9,6.8
10,4,20,2330,D   ,209.1,2.2,6.4,7.1,134.3,1.6,9.2,-5.0,1.4,61.9,4.3,0.0,0.00,-22.20,99.24,0.55,8.4,6.9,6.8
10,4,20,2400,X   ,296.3,4.9,12.4,4.4,300.4,4.1,17.2,-4.5,4.4,52.3,-0.2,0.0,283.40,141.00,99.40,0.44,8.1,6.8,6.8
11,4,20,30,E   ,220.7,2.9,3.4,7.1,200.2,1.5,13.5,-5.3,1.8,59.0,3.7,0.0,0.00,-14.40,99.25,0.54,8.2,6.9,6.8
11,4,20,130,D   ,243.4,4.9,14.9,7.1,246.9,2.9,15.8,-6.1,1.9,55.7,2.0,0.0,0.00,-11.50,99.25,0.54,8.1,6.9,6.8
11,4,20,230,D   ,282.5,4.8,13.5,6.9,285.5,3.7,15.3,-7.1,1.6,52.9,-0.3,0.0,0.00,-13.00,99.26,0.55,8.0,6.9,6.8
11,4,20,330,F   ,322.9,3.2,19.8,6.8,325.0,2.4,21.1,-6.9,0.7,57.0,-0.1,0.0,0.00,-13.20,99.25,0.58,7.9,6.9,6.8
11,4,20,430,F   ,18.6,2.6,12.7,6.6,44.2,1.9,25.0,-6.7,0.6,58.5,-0.1,0.0,0.00,-15.50,99.22,0.59,7.9,7.0,6.8
11,4,20,530,D   ,169.2,2.1,30.2,6.5,184.4,2.2,8.5,-6.4,0.4,60.5,0.4,0.0,8.30,-9.40,99.23,0.59,7.8,7.0,6.8
11,4,20,630,C   ,177.4,3.1,7.2,6.5,182.1,2.5,12.2,6.7,0.1,61.5,-0.3,0.0,82.00,35.00,99.26,0.62,7.7,7.0,6.8
11,4,20,730,C   ,162.1,3.5,11.7,7.2,167.9,3.5,13.9,7.8,0.0,57.0,-1.0,0.0,227.80,121.70,99.28,0.61,7.7,7.0,6.8
11,4,20,830,B   ,153.4,4.8,9.7,8.6,159.2,4.6,13.0,-9.2,1.0,48.4,-1.2,0.0,356.50,210.10,99.30,0.57,7.7,7.0,6.8
11,4,20,930,C   ,162.5,5.8,13.8,10.6,169.0,5.3,17.5,-11.3,2.9,36.3,-1.5,0.0,699.50,433.40,99.32,0.50,7.7,7.0,6.9
11,4,20,1030,C   ,173.1,6.2,13.8,11.9,179.0,5.5,18.2,-12.8,3.6,30.9,-1.9,0.0,803.30,512.50,99.29,0.47,7.7,7.0,6.9
11,4,20,1130,C   ,184.7,6.3,14.2,13.0,194.0,5.7,14.4,-13.9,2.5,31.5,-1.7,0.0,751.20,475.40,99.19,0.51,7.8,7.1,6.9
11,4,20,1230,C   ,199.4,6.1,16.2,14.3,205.6,5.6,20.0,-15.2,1.6,31.1,-1.7,0.0,691.00,443.40,99.15,0.55,7.9,7.1,6.9
11,4,20,1330,B   ,187.1,6.0,13.9,15.9,194.2,5.0,17.8,-16.8,1.8,27.6,-1.8,0.0,532.20,333.30,99.07,0.54,8.1,7.1,6.9
11,4,20,1430,C   ,196.7,5.4,11.6,16.1,202.6,4.5,13.1,-16.5,2.1,27.5,-0.8,0.0,111.50,59.60,98.99,0.52,8.4,7.1,6.9
11,4,20,1530,D   ,216.4,6.4,16.2,16.2,224.0,5.2,16.3,-16.6,0.1,31.8,-0.8,0.0,123.60,72.00,98.90,0.61,8.6,7.1,6.9
11,4,20,1630,C   ,181.6,3.3,49.8,16.0,182.8,3.0,25.9,16.2,1.6,36.7,-0.4,0.0,51.70,20.70,98.80,0.69,8.8,7.1,6.9
11,4,20,1730,D   ,167.4,6.6,19.6,16.2,172.9,4.8,14.5,16.3,1.0,34.8,-0.3,0.0,28.50,3.80,98.71,0.66,8.9,7.1,6.9
11,4,20,1830,D   ,185.9,9.0,9.4,15.6,194.5,6.2,12.6,-15.8,0.1,33.3,-0.4,0.0,0.80,-19.20,98.74,0.61,9.0,7.1,6.9
11,4,20,1930,D   ,214.5,6.8,16.9,11.3,223.6,5.0,14.7,11.2,6.4,70.9,0.2,1.8,0.00,-12.30,98.87,0.97,9.0,7.1,6.9
11,4,20,2030,D   ,193.1,5.4,8.2,9.5,197.7,3.7,11.5,8.6,8.2,89.2,1.7,0.8,0.00,-8.40,98.84,1.09,9.0,7.1,6.8
11,4,20,2130,D   ,183.6,6.1,10.9,8.5,191.7,4.4,14.3,8.2,8.1,93.1,0.7,3.4,0.00,-6.40,98.81,1.08,9.0,7.1,6.8
11,4,20,2230,D   ,171.8,5.7,10.4,8.3,176.5,4.2,14.4,7.9,7.8,93.3,0.7,0.4,0.00,-6.60,98.76,1.06,9.0,7.0,6.8
11,4,20,2330,D   ,166.5,4.6,11.7,8.3,172.8,3.5,14.9,7.9,7.1,89.5,1.0,0.0,0.00,-6.40,98.69,1.01,9.0,7.0,6.8
11,4,20,2400,X   ,190.3,5.1,11.8,10.6,194.4,4.0,16.2,10.7,0.7,52.8,-0.2,6.4,186.20,107.70,99.06,0.67,8.3,7.0,6.8
12,4,20,30,D   ,173.8,4.6,9.4,8.4,178.2,3.3,12.8,7.9,6.6,86.3,1.1,0.0,0.00,-5.30,98.64,0.98,9.0,7.0,6.8
12,4,20,130,D   ,174.0,5.2,8.3,8.5,177.8,3.6,10.7,8.2,6.5,85.0,0.4,0.0,0.00,-5.30,98.59,0.97,8.9,7.0,6.8
12,4,20,230,D   ,170.9,4.6,7.7,8.6,175.8,3.5,10.0,8.7,6.1,82.4,-0.1,0.0,0.00,-6.20,98.55,0.95,8.9,7.0,6.8
12,4,20,330,D   ,173.6,5.4,7.9,9.0,176.2,3.7,9.8,9.0,5.7,78.4,0.0,0.0,0.20,-3.40,98.56,0.92,8.8,7.0,6.8
12,4,20,430,D   ,171.4,4.2,7.8,9.2,171.0,2.8,10.6,9.2,5.7,77.1,0.1,0.0,0.20,-2.30,98.55,0.91,8.8,7.1,6.8
12,4,20,530,D   ,151.8,3.9,10.1,9.2,146.3,2.8,13.9,9.2,5.7,77.4,0.0,0.0,14.90,1.00,98.57,0.92,8.8,7.1,6.9
12,4,20,630,C   ,153.2,3.9,10.6,9.3,150.2,3.1,14.4,9.4,5.9,77.3,-0.2,0.0,79.20,38.30,98.59,0.93,8.7,7.1,6.9
12,4,20,730,C   ,175.2,3.9,11.9,10.0,178.4,3.3,15.4,10.4,6.0,73.0,-0.8,0.0,190.00,112.00,98.62,0.94,8.7,7.1,6.9
12,4,20,830,C   ,186.2,3.4,14.2,11.0,195.6,3.3,17.8,11.6,6.3,69.0,-1.1,0.0,340.90,214.10,98.61,0.96,8.7,7.1,6.9
12,4,20,930,B   ,190.9,3.8,16.8,12.2,201.4,3.9,19.9,12.8,6.8,65.8,-1.1,0.0,435.40,288.60,98.67,0.99,8.7,7.1,6.9
12,4,20,1030,B   ,174.0,5.2,13.1,13.8,181.3,4.7,19.3,14.5,8.3,65.2,-1.4,0.0,612.90,415.80,98.64,1.09,8.8,7.1,6.9
12,4,20,1130,C   ,178.5,5.9,14.5,15.7,186.4,5.1,19.8,16.5,9.4,61.9,-1.7,0.0,717.30,467.80,98.52,1.18,8.8,7.2,6.9
12,4,20,1230,C   ,171.8,6.2,13.1,16.4,179.0,5.3,17.5,17.1    1,0.0,62.3,-1.4,0.0,463.20,304.40,98.48,1.23,9.0,7.2,6.9
12,4,20,1330,D   ,165.9,6.9,10.2,16.2,170.4,5.1,14.1,16.7    1,0.6,66.0,-1.0,0.0,129.20,85.10,98.41,1.28,9.1,7.2,6.9
12,4,20,1430,D   ,169.6,7.7,11.6,15.7,176.6,5.6,13.6,16.1    1,1.7,74.2,-0.7,0.0,42.80,26.20,98.31,1.38,9.3,7.2,6.9
12,4,20,1530,D   ,174.4,7.6,8.9,14.7,179.5,5.3,13.5,15.1    1,2.5,83.0,-0.8,0.0,62.30,40.00,98.23,1.45,9.4,7.2,6.9
12,4,20,1630,D   ,171.9,6.9,10.2,14.8,178.2,5.0,14.1,15.2    1,2.7,83.6,-0.8,0.0,51.20,31.80,98.15,1.47,9.6,7.2,6.9
12,4,20,1730,D   ,163.4,7.0,10.4,14.6,169.0,5.3,12.7,15.0    1,2.5,83.3,-0.7,0.0,24.70,13.50,98.06,1.45,9.7,7.2,6.9
12,4,20,1830,D   ,166.5,8.4,9.6,13.9,171.1,6.0,13.4,14.2    1,2.4,87.3,-0.7,0.0,1.90,-2.90,98.00,1.45,9.7,7.2,6.9
12,4,20,1930,D   ,174.7,7.0,9.6,12.9,181.3,4.9,14.1,13.2    1,2.3,92.3,-0.6,0.0,0.00,-4.60,97.99,1.43,9.8,7.2,6.9
12,4,20,2030,D   ,176.1,6.1,9.1,12.4,181.1,4.4,12.9,12.7    1,1.9,93.3,-0.6,0.0,0.00,-4.30,97.93,1.40,9.8,7.2,6.9
12,4,20,2130,D   ,178.7,6.1,9.1,12.1,183.9,4.2,12.5,12.4    1,1.9,94.7,-0.5,0.0,0.00,-3.30,97.81,1.39,9.8,7.2,6.9
12,4,20,2230,D   ,188.5,6.2,12.3,12.1,198.1,4.5,13.6,12.3    1,1.8,94.9,-0.5,0.4,0.00,-3.20,97.73,1.39,9.8,7.2,6.9
12,4,20,2330,D   ,207.7,5.5,10.6,11.9,215.2,4.0,13.4,12.0    1,2.0,97.8,-0.3,1.8,0.00,-1.60,97.68,1.41,9.8,7.2,6.9
12,4,20,2400,X   ,174.0,5.6,10.2,12.2,179.6,4.3,14.4,12.5,9.2,79.6,-0.6,2.2,131.90,83.20,98.33,1.19,9.2,7.1,6.9
13,4,20,30,D   ,265.3,8.4,31.4,10.6,270.4,6.6,15.8,10.6    1,0.7,96.5,0.0,0.0,0.00,-2.70,97.66,1.30,9.8,7.2,6.9
13,4,20,130,D   ,316.5,9.0,9.4,4.8,319.6,6.7,13.5,4.8,4.6,94.2,0.0,0.0,0.00,-6.00,97.72,0.86,9.8,7.2,6.9
13,4,20,230,D   ,316.6,9.8,10.3,1.9,319.9,7.1,14.7,1.7,1.2,90.3,0.3,0.0,0.00,-8.00,97.82,0.67,9.8,7.1,6.9
13,4,20,330,D   ,314.1,9.3,11.3,1.3,316.7,6.8,14.6,1.1,0.2,88.7,0.3,0.0,0.00,-8.00,97.89,0.62,9.7,7.1,6.9
13,4,20,430,D   ,312.8,9.3,12.0,0.9,314.7,7.0,14.2,-0.9,1.0,83.6,-0.1,0.0,0.00,-10.20,98.06,0.57,9.6,7.1,6.8
13,4,20,530,D   ,315.3,9.0,11.7,1.0,318.2,6.6,15.4,-1.2,2.0,77.3,-0.4,0.0,5.80,-6.10,98.22,0.53,9.5,7.1,6.9
13,4,20,630,D   ,306.9,9.5,11.0,1.0,308.0,7.3,14.7,-1.3,2.0,76.3,-0.5,0.0,31.00,13.80,98.42,0.53,9.3,7.2,6.9
13,4,20,730,D   ,304.9,9.2,10.2,1.1,307.2,7.1,14.2,-1.4,2.6,73.1,-0.6,0.0,90.90,55.10,98.57,0.51,9.2,7.2,6.9
13,4,20,830,D   ,300.2    1,0.3,10.2,1.3,303.4,7.9,14.2,-1.6,3.0,69.5,-0.7,0.0,125.70,78.40,98.71,0.49,9.0,7.2,6.9
13,4,20,930,D   ,292.2,9.2,10.7,1.0,296.6,7.3,14.6,-1.5,3.5,67.8,-0.9,0.0,211.10,137.00,98.90,0.47,8.9,7.2,6.9
13,4,20,1030,D   ,287.7    1,0.7,12.9,1.9,290.9,8.6,15.7,-2.6,3.6,61.9,-1.4,0.0,615.60,404.60,99.04,0.47,8.8,7.2,6.9
13,4,20,1130,D   ,287.3    1,0.4,11.5,2.9,290.7,8.2,14.9,-3.7,3.4,58.2,-1.6,0.0,605.70,391.90,99.13,0.48,8.6,7.2,6.9
13,4,20,1230,D   ,283.5    1,1.1,11.1,3.4,288.3,9.1,14.6,-4.1,4.9,50.8,-1.5,0.0,630.00,407.00,99.23,0.43,8.6,7.2,6.9
13,4,20,1330,D   ,281.1    1,2.5,12.1,3.7,284.6,9.8,13.7,-4.5,6.5,43.4,-1.6,0.0,632.00,396.80,99.35,0.38,8.6,7.2,6.9
13,4,20,1430,D   ,287.0    1,1.8,11.8,3.7,290.0,9.4,14.4,-4.4,7.5,40.6,-1.4,0.0,530.00,303.40,99.42,0.35,8.6,7.2,6.9
13,4,20,1530,D   ,289.2    1,0.7,11.9,4.1,290.9,8.7,14.4,-4.9,8.4,36.6,-1.5,0.0,578.70,307.60,99.47,0.32,8.6,7.2,6.9
13,4,20,1630,D   ,290.9    1,0.2,10.4,4.1,293.6,8.4,14.5,-4.7,9.4,34.5,-1.2,0.0,371.20,154.90,99.55,0.30,8.6,7.2,6.9
13,4,20,1730,D   ,292.9,9.0,12.7,3.7,295.8,7.0,14.8,4.1   -1,0.3,33.5,-0.8,0.0,155.30,4.70,99.62,0.28,8.6,7.2,6.9
13,4,20,1830,D   ,288.3,8.3,10.1,2.9,291.8,6.3,12.9,3.1   -1,0.1,36.4,-0.4,0.0,12.80,-72.90,99.66,0.28,8.6,7.2,6.9
13,4,20,1930,D   ,287.9,5.3,10.2,2.3,290.0,3.9,11.5,-2.4,9.7,39.2,-0.1,0.0,0.00,-73.90,99.69,0.29,8.5,7.2,6.9
13,4,20,2030,D   ,276.8,5.5,7.9,1.8,280.0,4.1,11.2,-1.8,8.9,43.5,0.0,0.0,0.00,-67.90,99.73,0.31,8.4,7.2,6.9
13,4,20,2130,D   ,269.2,5.0,7.9,1.3,270.9,3.7,10.2,-1.3,8.1,48.2,0.1,0.0,0.00,-66.70,99.74,0.33,8.3,7.2,6.9
13,4,20,2230,D   ,267.4,5.1,7.0,0.6,269.6,3.7,9.6,-0.5,7.1,54.9,0.1,0.0,0.00,-64.70,99.76,0.36,8.1,7.2,6.9
13,4,20,2330,D   ,268.1,5.8,7.6,-0.1,269.0,4.2,10.8,-0.1    -,5.6,64.7,0.0,0.0,0.00,-65.70,99.79,0.40,8.0,7.2,6.9
13,4,20,2400,X   ,293.3,8.9,10.2,2.5,296.1,6.9,13.8,-2.8,4.2,61.0,-0.6,0.0,191.50,91.80,98.96,0.48,8.9,7.2,6.9
14,4,20,30,D   ,261.3,5.7,7.7,-0.6,263.1,4.2,9.9,-0.6    -,4.5,72.9,0.0,0.0,0.00,-69.30,99.79,0.44,7.8,7.2,6.9
14,4,20,130,D   ,254.1,5.6,9.2,-1.0,254.6,4.4,10.6,-1.0    -,4.7,74.2,0.0,0.0,0.00,-69.60,99.77,0.43,7.7,7.2,6.9
14,4,20,230,D   ,266.6,6.2,10.7,-1.6,300.9,7.1,23.3,-1.5    -,5.4,73.8,-0.1,0.0,0.00,-70.50,99.76,0.41,7.6,7.2,6.9
14,4,20,330,D   ,275.0,6.2,9.0,-2.1,278.6,4.8,11.9,-1.9    -,5.8,74.0,-0.2,0.0,0.00,-64.30,99.79,0.40,7.4,7.3,6.9
14,4,20,430,D   ,268.5,5.0,10.7,-2.5,271.1,4.1,11.8,-2.4    -,6.7,71.5,-0.2,0.0,0.00,-65.60,99.77,0.37,7.3,7.3,6.9
14,4,20,530,D   ,248.4,4.8,9.1,-2.7,251.3,3.9,11.2,-2.6    -,6.6,73.8,-0.2,0.0,27.60,-46.90,99.82,0.37,7.1,7.3,6.9
14,4,20,630,D   ,252.6,5.7,9.0,-2.4,259.1,5.1,12.7,-2.1    -,6.1,74.2,-0.7,0.0,176.70,52.60,99.86,0.39,7.0,7.3,6.9
14,4,20,730,C   ,260.6,6.2,12.7,-1.5,266.0,5.8,14.9,-0.9    -,7.0,63.0,-1.1,0.0,406.10,207.50,99.92,0.36,6.9,7.3,6.9
14,4,20,830,D   ,260.0,7.5,13.3,-0.5,263.0,6.8,15.1,-0.2,8.0,53.3,-1.4,0.0,537.10,311.90,99.97,0.34,6.8,7.3,6.9
14,4,20,930,D   ,251.3,8.9,12.7,0.2,258.3,7.4,14.3,-0.9,8.5,48.2,-1.4,0.0,543.10,335.80,99.98,0.32,6.7,7.3,6.9
14,4,20,1030,D   ,258.7,8.4,17.3,0.3,265.2,7.2,18.3,-1.0,7.8,50.6,-1.4,0.0,419.30,261.80,99.90,0.34,6.7,7.3,6.9
14,4,20,1130,D   ,268.4,9.7,11.7,0.8,273.8,7.9,14.1,-1.6,8.8,45.0,-1.5,0.0,570.50,356.80,99.82,0.32,6.7,7.3,6.9
14,4,20,1230,D   ,272.4,9.7,12.7,1.1,278.2,8.0,14.2,-1.8,8.5,45.1,-1.5,0.0,535.50,336.10,99.84,0.32,6.7,7.3,6.9
14,4,20,1330,D   ,277.9    1,0.8,11.8,1.6,283.5,8.6,15.0,-2.5,8.1,44.4,-1.8,0.0,649.40,405.60,99.82,0.33,6.8,7.4,6.9
14,4,20,1430,D   ,275.1    1,0.1,12.2,1.9,280.2,8.2,14.4,-2.8,8.0,43.9,-1.8,0.0,598.30,356.50,99.81,0.34,6.8,7.4,6.9
14,4,20,1530,D   ,271.4    1,1.2,11.4,2.5,275.9,8.6,14.9,-3.2,9.5,38.2,-1.5,0.0,424.20,233.40,99.76,0.30,6.9,7.4,6.9
14,4,20,1630,D   ,268.1    1,0.4,11.2,2.9,273.2,8.1,14.4,3.6   -1,0.4,34.4,-1.3,0.0,354.70,166.90,99.75,0.28,7.0,7.4,6.9
14,4,20,1730,D   ,274.1,9.2,12.7,2.7,279.6,7.3,14.7,3.1   -1,0.7,34.7,-0.9,0.0,131.30,17.40,99.73,0.27,7.1,7.4,6.9
14,4,20,1830,D   ,276.9,7.1,10.2,2.2,282.6,5.9,11.6,2.3   -1,0.0,38.7,-0.4,0.0,10.90,-66.10,99.67,0.29,7.1,7.4,6.9
14,4,20,1930,D   ,276.2,5.6,7.8,1.7,282.4,4.5,12.1,-1.7,9.4,42.2,-0.1,0.0,0.00,-71.90,99.63,0.30,7.1,7.4,6.9
14,4,20,2030,D   ,282.0,4.3,8.9,1.0,286.9,3.4,11.4,-1.0,8.8,46.5,0.1,0.0,0.00,-68.00,99.61,0.31,7.0,7.4,6.9
14,4,20,2130,D   ,291.2,4.0,5.4,0.6,296.2,2.7,8.4,-0.3,8.4,50.4,0.6,0.0,0.00,-60.30,99.56,0.32,6.9,7.4,6.9
14,4,20,2230,E   ,298.8,3.7,3.4,0.1,302.2,2.4,6.7,-0.3    -,8.2,53.9,0.8,0.0,0.00,-53.80,99.54,0.33,6.8,7.4,6.9
14,4,20,2330,F   ,302.1,3.4,3.1,-0.2,295.4,2.1,34.7,-0.9    -,7.7,58.4,1.3,0.0,0.00,-54.60,99.52,0.34,6.6,7.3,6.9
14,4,20,2400,X   ,269.3,7.1,9.6,0.2,274.4,5.8,15.2,-0.5,7.8,54.4,-0.6,0.0,224.40,95.10,99.77,0.34,7.0,7.3,6.9
15,4,20,30,F   ,324.5,2.3,11.6,-0.6,2.5,1.6,29.2,-1.0    -,7.5,60.1,0.8,0.0,0.00,-38.40,99.45,0.35,6.5,7.3,6.9
15,4,20,130,F   ,358.1,4.1,7.1,-0.9,2.8,2.0,22.3,-1.1    -,7.1,62.8,0.3,0.0,0.00,-16.40,99.40,0.36,6.3,7.4,6.9
15,4,20,230,D   ,345.6,4.1,11.0,-1.7,350.1,3.2,20.7,-1.6    -,6.8,66.5,-0.4,0.0,0.00,-19.70,99.44,0.37,6.2,7.4,6.9
15,4,20,330,D   ,340.0,3.4,12.6,-2.9,342.8,3.1,16.5,-2.6    -,5.9,77.8,-0.6,0.0,0.00,-19.40,99.41,0.39,6.1,7.4,6.9
15,4,20,430,E   ,14.9,2.1,21.5,-3.5,31.0,2.6,18.5,-3.2    -,4.7,89.8,-0.6,0.0,0.00,-10.00,99.33,0.43,5.9,7.4,6.9
15,4,20,530,D   ,359.7,3.3,18.8,-3.8,5.6,2.6,19.3,-3.5    -,4.5,93.7,-0.5,1.2,6.00,-2.00,99.32,0.44,5.8,7.4,6.9
15,4,20,630,D   ,6.9,3.7,13.8,-3.8,19.5,2.9,20.7,-3.5    -,4.7,92.5,-0.6,0.4,43.00,1.90,99.35,0.43,5.7,7.4,6.9
15,4,20,730,C   ,348.1,3.5,13.2,-3.3,350.7,3.1,21.4,-2.9    -,4.8,86.5,-0.8,0.0,157.60,12.50,99.38,0.43,5.7,7.4,6.9
15,4,20,830,C   ,331.7,4.1,13.8,-2.9,334.9,4.2,19.3,-2.5    -,5.2,80.6,-0.9,0.0,178.10,50.60,99.43,0.42,5.6,7.4,6.9
15,4,20,930,C   ,323.2,4.1,15.3,-2.4,326.7,4.2,18.6,-2.0    -,5.6,75.1,-0.8,0.0,288.20,121.70,99.48,0.40,5.6,7.4,6.9
15,4,20,1030,B   ,332.0,4.6,16.5,-1.4,334.5,4.4,23.0,-0.9    -,7.1,61.4,-1.0,0.0,511.30,314.00,99.56,0.36,5.5,7.4,6.9
15,4,20,1130,C   ,309.8,5.3,16.9,-0.4,315.3,5.2,22.4,-0.2,7.8,53.3,-1.4,0.0,710.00,469.40,99.59,0.34,5.5,7.4,6.9
15,4,20,1230,C   ,297.5,5.5,16.1,0.5,300.3,5.3,19.8,-1.2,8.0,48.5,-1.4,0.0,610.70,391.70,99.62,0.34,5.5,7.4,7.0
15,4,20,1330,C   ,296.1,6.0,14.7,1.1,299.9,5.6,17.8,-1.7,8.7,44.9,-1.3,0.0,448.80,273.10,99.66,0.32,5.6,7.4,7.0
15,4,20,1430,C   ,294.5,6.7,13.4,1.6,295.7,5.9,16.6,-2.2,9.3,41.4,-1.2,0.0,404.50,239.30,99.66,0.30,5.7,7.4,7.0
15,4,20,1530,D   ,292.2,5.7,13.8,1.7,294.8,5.2,16.4,-2.2,9.1,41.9,-1.1,0.0,212.50,116.20,99.67,0.31,5.8,7.4,7.0
15,4,20,1630,D   ,284.0,5.7,13.4,2.1,290.9,5.3,16.3,-2.6,8.8,41.7,-0.9,0.0,162.30,73.10,99.67,0.31,5.9,7.4,7.0
15,4,20,1730,D   ,288.0,5.6,14.5,2.1,291.5,5.9,14.9,-2.5,8.8,42.1,-0.7,0.0,93.20,23.80,99.69,0.32,5.9,7.4,7.0
15,4,20,1830,D   ,289.9,5.6,13.9,2.0,297.4,4.5,15.4,-2.2,9.0,42.5,-0.4,0.0,7.40,-28.90,99.68,0.31,6.0,7.4,6.9
15,4,20,1930,D   ,291.8,5.1,11.7,1.7,299.8,4.2,13.8,-1.8,9.0,43.2,-0.3,0.0,0.00,-43.20,99.71,0.31,6.0,7.4,6.9
15,4,20,2030,D   ,292.7,4.6,6.8,1.4,296.7,3.6,10.7,-1.3,9.4,43.5,0.1,0.0,0.00,-64.30,99.74,0.30,6.0,7.4,6.9
15,4,20,2130,D   ,284.6,4.3,4.1,0.8,289.1,3.0,7.6,-0.6,9.0,47.5,0.5,0.0,0.00,-61.10,99.75,0.31,5.9,7.4,6.9
15,4,20,2230,D   ,282.4,4.8,3.7,0.1,284.5,3.1,8.4,-0.3    -,7.9,55.4,0.8,0.0,0.00,-63.60,99.76,0.34,5.8,7.4,6.9
15,4,20,2330,D   ,287.6,4.9,5.3,-0.5,286.9,2.7,8.1,-1.0    -,7.7,59.2,1.0,0.0,0.00,-57.70,99.80,0.34,5.7,7.4,6.9
15,4,20,2400,X   ,309.8,4.5,11.5,-0.5,313.5,3.9,18.1,-0.3    -,7.3,60.5,-0.5,1.8,159.70,69.30,99.57,0.36,5.8,7.4,6.9
16,4,20,30,D   ,288.4,4.6,6.0,-1.0,287.8,2.9,8.9,-1.2    -,7.9,59.5,0.4,0.0,0.00,-52.60,99.82,0.34,5.6,7.4,6.9
16,4,20,130,D   ,291.5,4.5,7.9,-1.3,294.5,3.2,10.4,-1.2    -,8.0,59.3,-0.1,0.0,0.00,-28.40,99.82,0.34,5.5,7.4,6.9
16,4,20,230,D   ,303.6,4.5,7.2,-1.6,303.4,3.0,9.9,-1.7    -,8.4,59.3,0.1,0.0,0.00,-63.20,99.87,0.32,5.4,7.4,6.9
16,4,20,330,D   ,329.8,4.3,10.2,-2.2,327.9,2.7,11.9,-2.4    -,9.2,59.1,0.2,0.0,0.00,-67.50,99.92,0.31,5.3,7.4,6.9
16,4,20,430,D   ,325.9,3.9,6.2,-2.8,317.4,2.4,12.1,-3.0   -1,0.3,57.0,0.4,0.0,0.00,-64.50,99.94,0.28,5.1,7.4,6.9
16,4,20,530,D   ,300.9,4.0,6.9,-3.1,298.8,2.6,9.6,-3.3   -1,0.3,58.6,0.3,0.0,34.50,-47.40   1,0.01,0.28,5.0,7.4,6.9
16,4,20,630,C   ,295.1,3.0,11.6,-2.6,289.6,3.1,13.5,-2.3    -,9.4,58.3,-0.6,0.0,211.00,67.30   1,0.16,0.30,4.9,7.4,6.9
16,4,20,730,B   ,281.8,4.4,13.0,-1.3,284.2,4.4,15.8,-0.8   -1,0.3,47.9,-1.0,0.0,422.70,213.30   1,0.33,0.28,4.8,7.4,7.0
16,4,20,830,B   ,281.9,4.7,14.3,-0.2,282.2,4.8,17.2,0.4   -1,1.0,41.2,-1.2,0.0,613.60,350.60   1,0.40,0.27,4.8,7.4,7.0
16,4,20,930,B   ,279.0,5.1,19.6,0.8,283.0,4.9,22.5,1.4   -1,0.8,38.6,-1.2,0.0,776.60,473.30   1,0.46,0.27,4.7,7.4,7.0
16,4,20,1030,C   ,268.6,5.8,20.0,1.5,272.4,5.6,20.7,2.4   -1,0.5,36.8,-1.7,0.0,870.40,546.60   1,0.44,0.28,4.7,7.4,7.0
16,4,20,1130,C   ,281.2,5.3,18.8,2.5,288.2,5.1,23.2,3.3   -1,0.2,35.5,-1.6,0.0,862.80,540.30   1,0.38,0.28,4.8,7.4,7.0
16,4,20,1230,C   ,262.2,6.1,17.4,3.4,266.0,5.9,17.4,-4.4,9.9,33.7,-1.9,0.0,881.40,553.20   1,0.34,0.29,4.9,7.4,7.0
16,4,20,1330,C   ,276.3,5.6,20.0,4.4,282.2,5.4,21.3,-5.3,9.3,33.0,-1.8,0.0,842.60,515.50   1,0.32,0.30,5.1,7.4,7.0
16,4,20,1430,B   ,253.6,5.0,20.2,5.0,256.9,4.9,21.1,-5.9,9.3,32.1,-1.7,0.0,694.10,400.50   1,0.28,0.30,5.4,7.5,7.0
16,4,20,1530,B   ,258.4,5.0,20.8,5.4,264.8,4.7,26.0,-6.1,9.5,31.2,-1.4,0.0,363.90,186.80   1,0.22,0.30,5.7,7.4,7.0
16,4,20,1630,C   ,255.6,4.9,20.0,5.3,265.0,4.8,16.4,-5.7,9.5,31.8,-0.9,0.0,123.00,48.00   1,0.16,0.30,5.9,7.4,7.0
16,4,20,1730,D   ,248.3,5.2,10.1,5.1,253.6,4.5,12.9,-5.5,9.1,33.3,-0.6,0.0,43.10,-2.70   1,0.12,0.31,6.1,7.4,7.0
16,4,20,1830,D   ,243.2,5.1,10.8,4.9,247.6,4.2,12.1,-5.1,8.8,35.1,-0.4,0.0,3.90,-27.90   1,0.08,0.32,6.3,7.4,7.0
16,4,20,1930,D   ,260.4,4.6,7.9,4.9,267.2,4.0,11.1,-5.1,8.6,35.6,-0.4,0.0,0.00,-28.10   1,0.12,0.32,6.3,7.4,7.0
16,4,20,2030,D   ,282.0,2.5,15.5,4.7,293.4,2.1,11.5,-4.8,8.0,37.9,-0.2,0.0,0.00,-22.50   1,0.09,0.34,6.3,7.4,7.0
16,4,20,2130,F   ,777.7,1.1   7,77.7,4.6,37.5,1.5,28.2,-4.6,8.0,38.7,0.0,0.0,0.00,-20.50   1,0.05,0.34,6.3,7.4,7.0
16,4,20,2230,E   ,777.7,2.0   7,77.7,4.4,178.4,2.1,7.0,-4.3,6.9,43.0,0.3,0.0,0.00,-16.20   1,0.01,0.37,6.3,7.4,7.0
16,4,20,2330,F   ,212.9,2.7,16.0,4.1,219.5,2.1,27.2,-4.1,6.8,43.6,0.0,0.0,0.00,-14.70   1,0.01,0.37,6.2,7.4,7.0
16,4,20,2400,X   ,274.8,4.3,13.2,1.9,276.1,3.8,17.3,-2.2,9.2,43.3,-0.6,0.0,281.00,143.30   1,0.14,0.31,5.5,7.4,7.0
17,4,20,30,E   ,110.2,2.9,54.7,3.3,115.8,3.0,37.5,-3.4,5.4,51.0,-0.4,0.0,0.00,-13.60,99.95,0.41,6.2,7.4,7.0
17,4,20,130,F   ,9.3,6.3,50.1,1.0,24.5,2.6,28.2,-1.2,2.2,77.3,-0.6,0.4,0.00,-8.20,99.92,0.52,6.1,7.4,7.0
17,4,20,230,F   ,287.7,8.2,49.8,-0.4,61.6,2.2,17.9,-0.2    -,0.3,97.4,-0.4,1.2,0.00,-1.20,99.82,0.60,6.1,7.4,7.0
17,4,20,330,D   ,338.0,3.3,58.8,-0.4,57.5,2.5,15.4,-0.2    -,0.3,98.3,-0.4,1.6,0.00,-0.70,99.76,0.60,6.0,7.4,7.0
17,4,20,430,D   ,52.6,3.5,10.5,-0.4,62.0,2.6,16.7,-0.2    -,0.2,98.6,-0.4,1.4,0.00,-0.40,99.66,0.60,5.9,7.3,7.0
17,4,20,530,D   ,65.2,5.3,8.6,-0.3,74.9,3.6,13.5,-0.1    -,0.1,98.6,-0.4,0.4,1.60,-2.50,99.58,0.61,5.9,7.3,7.0
17,4,20,630,D   ,65.6,5.5,8.9,-0.2,73.8,3.8,14.0,-0.0    -,0.1,98.1,-0.4,0.8,6.80,-8.00,99.57,0.61,5.8,7.3,7.0
17,4,20,730,D   ,68.0,5.3,8.4,-0.2,76.2,4.0,12.9,0.0,0.1,97.4,-0.4,0.2,18.90,3.20,99.53,0.61,5.8,7.3,7.0
17,4,20,830,C   ,60.7,5.0,9.1,0.1,68.8,3.7,14.7,0.3,0.1,96.2,-0.4,0.4,63.90,15.80,99.48,0.62,5.7,7.3,7.0
17,4,20,930,C   ,58.7,5.2,9.1,0.5,67.3,4.0,14.7,0.8,0.3,93.9,-0.5,0.0,210.40,39.70,99.45,0.63,5.6,7.3,7.0
17,4,20,1030,C   ,53.5,4.7,10.3,0.9,60.7,3.6,15.7,1.1,0.5,92.1,-0.4,0.0,196.90,45.60,99.41,0.63,5.6,7.3,7.0
17,4,20,1130,C   ,43.7,4.4,12.1,1.0,50.7,3.8,15.7,1.3,0.3,90.2,-0.4,0.0,119.20,33.40,99.38,0.63,5.5,7.3,7.0
17,4,20,1230,C   ,33.7,4.2,11.0,1.2,41.9,3.5,15.2,1.4,0.1,88.6,-0.5,0.0,125.70,42.40,99.36,0.62,5.5,7.3,7.0
17,4,20,1330,C   ,22.9,4.3,13.2,1.4,30.7,3.3,20.0,1.6,0.0,86.2,-0.4,0.0,132.30,50.60,99.37,0.61,5.4,7.3,7.0
17,4,20,1430,C   ,13.9,4.2,13.4,2.1,25.6,3.2,18.7,-2.4,0.3,79.7,-0.7,0.0,265.90,118.30,99.37,0.60,5.4,7.3,7.0
17,4,20,1530,C   ,359.6,4.4,13.4,2.5,3.0,2.9,20.7,-2.8,0.7,75.2,-0.6,0.0,142.50,68.90,99.40,0.58,5.3,7.3,7.0
17,4,20,1630,C   ,335.5,2.6,20.0,2.6,334.7,2.5,20.5,-2.9,0.8,75.2,-0.5,0.0,70.10,35.10,99.41,0.58,5.2,7.3,7.0
17,4,20,1730,C   ,278.0,2.6,11.8,3.0,278.2,2.9,14.0,-3.3,0.7,73.7,-0.6,0.0,145.30,15.80,99.41,0.58,5.2,7.3,7.0
17,4,20,1830,D   ,260.4,3.2,9.0,2.9,260.0,2.7,9.7,-2.9,0.6,75.9,-0.1,0.0,14.70,-53.50,99.41,0.59,5.1,7.3,7.0
17,4,20,1930,D   ,244.5,4.7,4.9,2.7,249.7,2.9,8.1,-2.3,0.5,79.6,0.7,0.0,0.00,-57.50,99.38,0.59,5.1,7.3,7.0
17,4,20,2030,E   ,236.1,4.8,2.8,2.4,239.5,2.7,7.2,-1.8,0.5,82.6,1.1,0.0,0.00,-53.70,99.38,0.59,5.1,7.3,7.0
17,4,20,2130,D   ,236.6,6.1,6.5,1.9,243.9,3.8,9.9,-1.6,0.3,84.9,0.7,0.0,0.00,-55.50,99.35,0.60,5.0,7.3,7.0
17,4,20,2230,D   ,247.9,6.3,7.1,1.6,251.5,4.6,10.0,-1.5,0.4,85.1,0.2,0.0,0.00,-57.00,99.33,0.60,5.0,7.3,7.0
17,4,20,2330,D   ,243.5,5.6,7.1,1.2,246.6,4.1,10.0,-1.1,0.7,85.0,0.1,0.0,0.00,-57.60,99.32,0.58,4.9,7.3,7.0
17,4,20,2400,X   ,6.6,4.7,16.6,1.3,35.5,3.3,17.1,-1.4,0.5,85.9,-0.2,7.9,63.10,4.10,99.50,0.59,5.5,7.3,7.0
18,4,20,30,D   ,238.2,5.1,5.8,0.7,236.5,3.4,9.3,-0.4,0.9,88.4,0.5,0.0,0.00,-54.80,99.29,0.57,4.9,7.3,7.0
18,4,20,130,D   ,250.2,5.3,7.5,0.6,250.3,3.5,9.8,-0.4,0.9,88.8,0.4,0.0,0.00,-49.90,99.25,0.57,4.8,7.3,7.0
18,4,20,230,D   ,254.4,4.8,6.0,0.4,254.5,3.1,9.1,-0.2,1.0,89.2,0.4,0.0,0.00,-45.30,99.26,0.57,4.8,7.3,7.0
18,4,20,330,D   ,254.3,4.0,6.1,0.2,240.7,2.5,7.9,-0.2    -,1.2,90.9,0.7,0.0,0.00,-34.00,99.26,0.56,4.7,7.3,7.0
18,4,20,430,E   ,247.0,4.7,7.1,0.0,240.0,3.0,5.6,-0.5    -,1.3,92.3,1.1,0.0,0.10,-23.70,99.27,0.56,4.7,7.2,7.0
18,4,20,530,D   ,234.4,5.1,4.7,-0.3,240.8,3.3,9.1,-0.6    -,1.5,91.9,0.6,0.0,40.60,-3.00,99.31,0.55,4.6,7.2,7.0
18,4,20,630,C   ,235.7,4.6,8.0,0.6,242.0,3.7,12.3,-0.8,1.3,84.3,-0.4,0.0,227.60,78.40,99.40,0.56,4.6,7.3,7.0
18,4,20,730,B   ,238.9,4.7,10.6,2.2,245.2,4.3,14.2,-2.6,0.9,76.0,-0.9,0.0,424.60,202.80,99.49,0.57,4.5,7.3,7.1
18,4,20,830,B   ,237.4,5.1,11.8,3.9,246.3,5.0,16.2,-4.4,0.5,69.0,-1.0,0.0,606.70,357.10,99.55,0.59,4.5,7.3,7.1
18,4,20,930,C   ,238.0,5.7,12.9,5.7,247.1,5.5,15.7,6.2,0.6,65.8,-1.0,0.0,759.80,490.30,99.56,0.64,4.5,7.3,7.1
18,4,20,1030,C   ,229.1,7.7,12.0,7.8,238.1,6.7,16.8,8.6,0.9,57.0,-1.6,0.0,868.30,572.50,99.49,0.65,4.5,7.3,7.1
18,4,20,1130,C   ,229.2,9.4,12.5,9.5,235.9,7.9,16.3,10.5,0.6,49.2,-2.0,0.0,921.60,600.10,99.37,0.64,4.6,7.3,7.1
18,4,20,1230,C   ,227.4    1,0.1,12.0,10.4,234.0,8.2,16.0,11.4,0.6,46.5,-2.0,0.0,878.50,572.50,99.29,0.64,4.7,7.3,7.1
18,4,20,1330,C   ,217.5    1,0.3,13.1,11.2,223.4,8.4,15.1,-12.2,0.5,40.8,-2.0,0.0,848.90,536.70,99.24,0.59,5.0,7.3,7.1
18,4,20,1430,C   ,218.1,9.5,11.6,12.0,224.5,7.8,16.0,-13.0,0.2,39.5,-1.9,0.0,728.90,439.50,99.20,0.60,5.3,7.3,7.1
18,4,20,1530,D   ,216.0,9.9,11.8,12.6,225.0,7.9,15.3,13.4,0.0,39.2,-1.6,0.0,568.30,312.10,99.12,0.61,5.6,7.3,7.1
18,4,20,1630,D   ,218.9    1,0.8,10.3,12.8,225.7,8.2,15.3,13.4,0.2,39.9,-1.2,0.0,366.40,166.70,99.06,0.62,5.9,7.3,7.1
18,4,20,1730,D   ,215.3,9.8,10.1,12.7,222.1,7.4,14.2,13.0,0.6,41.8,-0.7,0.0,158.10,24.60,98.98,0.64,6.2,7.3,7.1
18,4,20,1830,D   ,211.5,9.8,8.7,11.9,217.4,7.2,13.2,12.0,0.7,44.9,-0.2,0.0,16.50,-60.60,98.89,0.64,6.4,7.3,7.1
18,4,20,1930,D   ,220.2,7.5,9.1,11.1,228.1,5.5,12.1,11.1,1.0,48.5,0.0,0.0,0.00,-64.50,98.87,0.66,6.5,7.3,7.1
18,4,20,2030,D   ,213.2,8.3,8.2,10.3,218.0,5.7,12.7,10.2,1.1,52.0,0.1,0.0,0.00,-62.20,98.86,0.66,6.5,7.2,7.1
18,4,20,2130,D   ,212.9,8.7,8.2,9.6,216.3,6.2,12.7,9.6,1.4,55.0,0.0,0.0,0.00,-60.40,98.82,0.68,6.6,7.2,7.1
18,4,20,2230,D   ,213.7,9.5,7.9,9.1,218.6,6.6,12.4,9.2,1.1,55.5,0.0,0.0,0.00,-59.20,98.77,0.66,6.5,7.2,7.1
18,4,20,2330,D   ,215.8,9.1,7.0,8.6,221.4,6.3,11.9,8.6,0.9,57.0,0.0,0.0,0.00,-55.50,98.74,0.65,6.5,7.2,7.1
18,4,20,2400,X   ,224.9,7.5,9.2,6.8,230.4,5.7,13.2,-7.1,0.0,62.6,-0.5,0.0,309.00,157.50,99.18,0.61,5.3,7.3,7.1
19,4,20,30,D   ,222.4,7.6,9.4,8.2,231.2,5.5,11.7,8.2,1.1,59.4,0.1,0.0,0.00,-48.70,98.72,0.66,6.5,7.2,7.1
19,4,20,130,D   ,227.4,8.5,6.5,8.1,237.1,6.0,10.5,8.0,1.1,60.4,0.2,0.0,0.00,-50.60,98.68,0.66,6.4,7.2,7.1
19,4,20,230,D   ,225.1,7.8,8.5,8.1,233.1,5.5,11.1,8.0,1.3,61.5,0.3,0.0,0.00,-53.90,98.62,0.67,6.4,7.2,7.1
19,4,20,330,D   ,232.4,7.8,7.0,8.3,240.8,5.3,11.0,8.1,1.3,60.9,0.4,0.0,0.00,-51.70,98.61,0.67,6.3,7.2,7.1
19,4,20,430,D   ,246.0,6.9,8.1,7.7,254.2,5.0,11.0,7.7,1.5,63.3,0.1,0.0,0.00,-47.20,98.60,0.68,6.3,7.2,7.1
19,4,20,530,D   ,259.2,5.6,8.8,6.6,264.4,4.0,10.0,6.6,1.9,70.0,0.0,0.0,35.60,-18.20,98.65,0.70,6.2,7.2,7.1
19,4,20,630,C   ,268.8,4.5,9.7,6.8,262.9,3.8,9.8,7.0,2.1,69.6,-0.5,0.0,133.90,55.20,98.74,0.71,6.2,7.2,7.1
19,4,20,730,C   ,290.5,3.7,17.2,8.6,285.0,3.6,15.3,9.0,2.7,63.5,-0.9,0.0,333.70,177.90,98.85,0.74,6.2,7.2,7.1
19,4,20,830,B   ,321.5,3.6,17.3,11.6,321.9,3.8,21.9,12.2,2.8,51.8,-1.1,0.0,538.00,317.00,98.95,0.75,6.2,7.2,7.2
19,4,20,930,C   ,328.0,5.9,20.5,13.0,329.5,5.0,20.6,13.7,0.8,40.2,-1.3,0.0,742.60,465.10,99.04,0.65,6.2,7.2,7.2
19,4,20,1030,C   ,337.1,6.6,14.0,13.3,338.9,5.4,20.4,-14.2,1.5,33.1,-1.8,0.0,845.00,541.70,99.05,0.55,6.3,7.2,7.2
19,4,20,1130,B   ,331.5,5.4,21.9,13.7,334.7,4.7,27.7,-14.6,2.3,30.3,-1.8,0.0,869.30,552.70,99.01,0.52,6.4,7.2,7.2
19,4,20,1230,B   ,334.9,5.6,18.6,14.0,340.4,4.8,26.5,-14.9,4.1,26.0,-1.8,0.0,890.90,567.00,98.99,0.45,6.6,7.2,7.2
19,4,20,1330,B   ,324.4,4.5,23.7,14.3,327.4,4.3,29.6,-15.1,6.4,21.4,-1.6,0.0,863.50,532.50,99.03,0.38,6.9,7.2,7.2
19,4,20,1430,C   ,61.1,5.4,31.5,12.9,72.7,5.2,32.2,-13.6,0.9,36.9,-1.5,0.0,730.00,437.00,99.05,0.58,7.2,7.2,7.2
19,4,20,1530,D   ,70.0,8.4,9.1,9.9,81.6,7.1,13.5,10.7,2.1,54.3,-1.7,0.0,564.90,312.50,99.05,0.71,7.5,7.2,7.2
19,4,20,1630,D   ,70.2,7.4,8.1,8.3,82.6,6.2,11.5,9.0,2.1,61.0,-1.4,0.0,371.30,170.00,99.07,0.71,7.7,7.2,7.2
19,4,20,1730,D   ,77.9,6.8,9.8,7.4,87.1,5.8,11.5,7.8,1.2,61.7,-0.9,0.0,164.80,25.90,99.08,0.67,7.9,7.2,7.2
19,4,20,1830,D   ,74.1,6.4,5.4,6.3,81.5,5.2,8.8,6.4,0.4,63.8,-0.3,0.0,18.10,-61.00,98.99,0.63,8.0,7.2,7.1
19,4,20,1930,D   ,72.9,5.5,5.1,5.4,79.4,4.0,9.0,5.4,0.2,66.9,0.1,0.0,0.00,-66.10,98.94,0.62,8.0,7.1,7.1
19,4,20,2030,D   ,69.5,5.7,4.1,5.1,76.8,3.6,9.3,-4.9,0.0,68.3,0.5,0.0,0.00,-64.50,98.88,0.61,8.0,7.1,7.1
19,4,20,2130,D   ,75.4,5.9,4.2,5.2,75.8,3.4,9.3,-4.6,0.5,67.2,1.1,0.0,0.00,-63.10,98.85,0.59,7.9,7.1,7.1
19,4,20,2230,D   ,82.1,5.1,3.0,5.3,74.4,2.7,9.2,-4.5,0.9,65.9,1.7,0.0,0.00,-58.90,98.81,0.57,7.8,7.1,7.1
19,4,20,2330,E   ,85.5,4.1,5.0,5.6,59.2,1.8,17.0,-4.2,1.1,66.3,2.9,0.0,0.00,-50.70,98.77,0.57,7.7,7.1,7.1
19,4,20,2400,X   ,0.3,6.0,11.6,8.9,349.8,4.7,17.0,9.1,0.2,55.2,-0.4,0.0,295.90,146.70,98.88,0.63,7.0,7.2,7.1
20,4,20,30,E   ,109.0,2.4,12.5,5.7,339.5,1.4,14.4,-3.7,1.3,67.2,3.9,0.0,0.00,-48.60,98.76,0.56,7.6,7.1,7.1
20,4,20,130,E   ,192.6,1.9,26.1,5.4,283.8,2.1,7.1,-3.1,1.0,72.2,4.6,0.0,0.00,-48.10,98.74,0.57,7.4,7.1,7.1
20,4,20,230,E   ,248.1,2.5,9.5,5.4,305.1,2.7,6.7,-3.1,1.0,72.1,4.7,0.0,0.00,-51.20,98.71,0.57,7.3,7.1,7.1
20,4,20,330,E   ,266.1,3.6,7.1,5.0,302.0,2.8,6.6,-2.6,0.9,74.8,4.8,0.0,0.00,-50.60,98.69,0.57,7.1,7.1,7.1
20,4,20,430,E   ,269.9,4.1,4.2,5.0,300.2,2.7,6.1,-2.4,0.9,75.9,5.2,0.0,0.00,-47.20,98.67,0.57,6.9,7.1,7.1
20,4,20,530,C   ,268.9,4.8,3.0,4.8,274.9,2.3,6.5,-2.5,0.8,76.0,4.6,0.0,63.50,-13.40,98.67,0.58,6.7,7.1,7.1
20,4,20,630,C   ,264.2,4.0,7.7,5.1,271.7,2.8,11.2,-4.4,0.1,70.5,1.4,0.0,238.10,88.40,98.76,0.61,6.6,7.1,7.1
20,4,20,730,B   ,254.5,4.0,12.1,6.7,258.6,4.0,13.6,-7.1,0.2,58.4,-0.7,0.0,434.40,228.90,98.86,0.60,6.5,7.1,7.2
20,4,20,830,C   ,253.1,5.3,12.3,8.5,257.8,5.2,13.9,9.1,0.1,52.1,-1.2,0.0,627.10,365.40,98.90,0.62,6.4,7.2,7.2
20,4,20,930,C   ,264.1,5.7,16.4,10.4,269.0,5.5,17.1,-11.0,2.8,36.9,-1.1,0.0,786.80,481.90,98.90,0.50,6.3,7.2,7.2
20,4,20,1030,C   ,265.0,6.9,14.4,11.6,267.3,6.3,17.6,-12.4,4.4,29.8,-1.6,0.0,882.10,559.20,98.84,0.44,6.4,7.2,7.2
20,4,20,1130,C   ,271.2,9.6,13.3,12.8,278.6,7.9,14.8,-13.7,3.1,30.1,-1.9,0.0,924.00,591.50,98.75,0.49,6.5,7.2,7.2
20,4,20,1230,C   ,261.2,9.3,13.5,14.1,266.6,8.1,16.7,-15.0,1.5,31.2,-1.8,0.0,907.00,582.70,98.65,0.55,6.7,7.2,7.2
20,4,20,1330,C   ,252.7    1,0.7,12.2,15.3,258.5,8.9,14.9,-16.1,0.6,31.3,-1.7,0.0,801.60,504.60,98.60,0.59,7.0,7.2,7.2
20,4,20,1430,D   ,257.8    1,1.8,12.4,15.6,262.8,9.4,15.1,16.4,0.8,34.1,-1.5,0.0,658.00,403.90,98.56,0.65,7.3,7.2,7.2
20,4,20,1530,D   ,260.2    1,1.7,10.3,15.2,265.1,9.0,12.1,15.6,2.2,39.5,-0.7,0.0,201.80,110.50,98.47,0.72,7.6,7.2,7.2
20,4,20,1630,D   ,264.3,9.5,9.7,12.6,265.9,6.7,12.1,12.5,5.6,60.8,0.0,0.0,96.40,43.30,98.39,0.91,7.8,7.1,7.2
20,4,20,1730,D   ,250.5,9.8,8.5,14.4,256.7,7.5,11.0,14.3,4.6,51.1,0.1,0.0,61.70,16.70,98.29,0.85,8.0,7.1,7.2
20,4,20,1830,D   ,241.4,9.5,8.4,14.5,248.1,7.3,11.1,14.4,4.1,48.7,0.1,0.0,20.80,-48.10,98.22,0.82,8.2,7.1,7.2
20,4,20,1930,D   ,249.9,9.1,19.0,13.4,254.5,6.7,17.5,13.2,4.8,55.1,0.4,0.4,0.00,-29.30,98.21,0.86,8.2,7.1,7.2
20,4,20,2030,D   ,262.0,6.5,7.8,12.5,264.8,4.2,11.9,12.0,6.3,66.0,1.0,0.0,0.00,-19.60,98.21,0.96,8.2,7.1,7.2
20,4,20,2130,D   ,306.7,7.2,14.2,10.9,313.3,4.8,17.0,10.6,7.0,75.4,0.5,1.2,0.00,-21.60,98.27,1.00,8.2,7.1,7.2
20,4,20,2230,D   ,285.5,6.4,18.2,10.1,284.6,3.8,13.5,9.5,6.7,80.6,1.1,0.0,0.00,-48.70,98.25,0.99,8.2,7.1,7.2
20,4,20,2330,D   ,330.6,6.9,12.3,9.6,332.4,4.2,16.3,9.3,5.0,72.0,0.6,0.0,0.00,-55.20,98.32,0.87,8.2,7.1,7.2
20,4,20,2400,X   ,263.2,6.8,9.9,10.2,270.7,5.3,13.2,9.8,1.2,56.7,0.9,2.3,279.30,145.60,98.57,0.69,7.3,7.1,7.2
21,4,20,30,D   ,344.1,7.9,12.6,8.1,348.2,4.7,20.1,7.9,2.5,66.4,0.3,0.0,0.00,-40.20,98.40,0.73,8.1,7.1,7.2
21,4,20,130,D   ,338.5,9.7,11.2,6.4,340.1,6.0,17.7,-6.3,2.5,51.8,0.2,0.0,0.00,-44.50,98.49,0.52,8.1,7.1,7.2
21,4,20,230,D   ,338.3,8.5,11.3,4.6,339.7,5.2,17.7,-4.5,5.5,46.4,0.2,0.0,0.00,-71.10,98.56,0.41,8.0,7.1,7.2
21,4,20,330,D   ,334.1,7.2,11.4,3.2,334.5,4.8,17.7,-3.0,9.3,38.4,0.2,0.0,0.00,-76.00,98.64,0.30,7.9,7.1,7.2
21,4,20,430,D   ,333.2,7.1,10.7,2.3,332.9,4.7,15.4,2.1   -1,0.8,36.2,0.3,0.0,0.00,-76.70,98.71,0.27,7.8,7.1,7.1
21,4,20,530,C   ,319.0,5.6,10.3,1.9,318.6,4.0,14.8,1.8   -1,0.6,37.7,0.2,0.0,50.50,-46.40,98.81,0.27,7.7,7.1,7.2
21,4,20,630,D   ,320.9,6.6,12.2,2.0,321.8,5.3,17.4,2.2   -1,0.1,38.4,-0.4,0.0,236.70,82.90,98.98,0.28,7.5,7.1,7.2
21,4,20,730,D   ,323.2,8.9,11.8,2.2,325.1,6.5,16.6,2.7   -1,1.2,34.1,-0.9,0.0,452.80,233.30,99.13,0.26,7.4,7.1,7.2
21,4,20,830,D   ,323.9,9.1,10.5,2.8,326.9,6.9,15.4,3.4   -1,1.6,31.4,-1.1,0.0,647.10,375.50,99.23,0.25,7.3,7.1,7.2
21,4,20,930,C   ,311.4,7.6,16.2,3.8,313.0,6.4,16.3,4.3   -1,1.0,30.4,-1.0,0.0,802.10,491.50,99.30,0.26,7.2,7.2,7.2
21,4,20,1030,C   ,308.1,7.7,17.1,4.7,308.9,6.7,20.7,5.4   -1,0.9,28.4,-1.4,0.0,905.40,571.30,99.33,0.27,7.1,7.1,7.2
21,4,20,1130,C   ,296.4,7.6,15.2,5.5,294.9,6.8,16.8,6.3   -1,1.0,26.6,-1.7,0.0,954.20,601.80,99.34,0.27,7.1,7.1,7.2
21,4,20,1230,C   ,297.8,8.6,13.8,6.5,300.7,7.2,18.5,7.4   -1,0.5,25.9,-1.7,0.0,940.00,594.90,99.36,0.28,7.2,7.1,7.2
21,4,20,1330,C   ,296.8,8.5,13.6,7.5,299.0,7.2,17.9,8.3   -1,0.2,24.8,-1.7,0.0,872.70,536.90,99.41,0.28,7.4,7.2,7.2
21,4,20,1430,C   ,304.2,7.9,17.1,8.5,307.4,6.5,20.2,9.3   -1,0.4,23.0,-1.7,0.0,752.40,440.60,99.46,0.28,7.6,7.2,7.2
21,4,20,1530,D   ,302.3,7.8,15.2,9.1,303.7,6.6,17.0,9.8   -1,0.5,22.2,-1.3,0.0,590.30,312.50,99.48,0.28,7.8,7.2,7.2
21,4,20,1630,D   ,302.9,7.5,14.1,9.5,305.1,6.3,16.9,10.0   -1,0.0,22.8,-1.0,0.0,386.50,167.20,99.48,0.29,8.0,7.2,7.2
21,4,20,1730,D   ,301.0,7.2,11.8,9.5,305.0,5.8,15.3,9.8   -1,0.5,22.2,-0.6,0.0,172.70,23.00,99.48,0.28,8.2,7.2,7.2
21,4,20,1830,D   ,305.4,5.6,9.2,8.9,308.8,4.3,13.0,8.9   -1,0.2,24.1,0.0,0.0,19.80,-65.20,99.44,0.28,8.2,7.2,7.2
21,4,20,1930,D   ,321.0,4.1,44.0,7.8,341.0,2.6,14.7,-7.4,9.0,30.0,0.8,0.0,0.00,-61.60,99.38,0.31,8.3,7.1,7.2
21,4,20,2030,D   ,93.2,3.8,8.6,3.4,94.1,3.1,9.1,-3.3,4.1,56.2,0.2,0.0,0.00,-60.30,99.39,0.45,8.2,7.1,7.2
21,4,20,2130,D   ,99.2,4.2,7.0,2.8,99.1,2.9,10.8,-2.7,3.6,60.9,0.2,0.0,0.00,-23.90,99.37,0.47,8.1,7.1,7.2
21,4,20,2230,D   ,106.5,3.8,6.5,2.9,104.9,2.7,11.0,-2.9,4.0,58.7,0.1,0.0,0.00,-21.90,99.37,0.46,8.0,7.1,7.2
21,4,20,2330,D   ,108.4,4.1,5.2,3.2,101.2,2.6,9.8,-2.8,5.4,52.9,0.8,0.0,0.00,-37.90,99.36,0.41,7.9,7.1,7.2
21,4,20,2400,X   ,320.3,6.9,11.9,5.3,320.5,5.2,16.2,-5.5,8.4,37.1,-0.5,0.0,324.30,158.60,99.16,0.34,7.8,7.1,7.2
22,4,20,30,D   ,114.4,4.4,8.0,3.3,111.1,2.8,11.8,-3.0,6.5,48.3,0.6,0.0,0.00,-17.30,99.34,0.38,7.8,7.1,7.2
22,4,20,130,D   ,115.1,4.0,5.6,3.4,110.8,2.6,10.2,-3.1,6.9,46.1,0.6,0.0,0.00,-29.20,99.31,0.36,7.7,7.1,7.2
22,4,20,230,D   ,126.5,4.2,7.1,3.4,123.2,2.8,10.2,-3.0,7.1,46.0,0.8,0.0,0.00,-29.10,99.30,0.36,7.6,7.1,7.2
22,4,20,330,D   ,114.6,4.0,11.7,3.2,109.5,2.8,11.6,-3.0,6.9,46.5,0.3,0.0,0.00,-22.70,99.35,0.36,7.5,7.1,7.2
22,4,20,430,D   ,104.3,4.7,8.9,2.9,102.8,3.4,12.2,-2.8,6.5,48.5,0.1,0.0,0.10,-12.40,99.31,0.38,7.3,7.1,7.2
22,4,20,530,D   ,104.9,4.4,12.5,2.9,103.2,3.3,11.2,-2.9,6.0,50.3,0.0,0.0,7.70,-2.60,99.35,0.39,7.2,7.2,7.2
22,4,20,630,C   ,119.6,4.5,11.2,3.4,122.1,3.5,11.6,-3.5,5.3,51.0,-0.2,0.0,90.70,45.30,99.34,0.41,7.2,7.2,7.2
22,4,20,730,C   ,139.3,4.0,15.7,4.6,143.2,3.5,13.5,-4.8,4.5,49.4,-0.4,0.0,87.40,50.50,99.37,0.44,7.1,7.2,7.2
22,4,20,830,D   ,177.3,7.6,7.1,6.2,186.2,5.1,11.1,-6.3,3.9,46.6,-0.2,0.0,73.50,44.00,99.25,0.46,7.0,7.2,7.2
22,4,20,930,C   ,165.4,4.5,10.5,8.2,169.4,3.8,12.3,-8.4,2.7,44.2,-0.4,0.0,137.00,83.70,99.21,0.50,6.9,7.2,7.2
22,4,20,1030,B   ,171.7,4.1,19.1,10.9,176.9,3.8,16.4,-11.4,1.1,41.2,-1.0,0.0,439.40,283.80,99.24,0.57,6.9,7.2,7.2
22,4,20,1130,C   ,202.8,6.3,15.5,15.1,211.6,5.7,16.1,15.8,0.3,34.2,-1.4,0.0,803.30,525.30,99.26,0.63,6.9,7.2,7.3
22,4,20,1230,D   ,226.6,7.0,12.4,16.2,234.4,6.0,16.0,16.6,2.0,36.2,-1.0,0.0,363.90,231.40,99.27,0.71,7.0,7.2,7.3
22,4,20,1330,C   ,224.7,5.1,14.2,14.7,230.0,4.5,15.8,15.0,4.8,49.0,-0.6,0.0,197.90,122.70,99.17,0.86,7.1,7.2,7.3
22,4,20,1430,C   ,206.6,3.4,20.3,15.5,210.5,3.3,16.4,15.7,5.1,48.0,-0.5,0.0,181.60,111.70,99.10,0.88,7.3,7.2,7.3
22,4,20,1530,C   ,168.9,1.8,26.9,16.0,172.1,2.0,29.6,16.1,5.3,47.5,-0.3,0.0,122.30,69.50,99.00,0.89,7.5,7.2,7.3
22,4,20,1630,C   ,71.3,1.6,49.8,16.2,83.8,2.0,34.8,16.4,5.4,46.8,-0.4,0.0,104.10,58.40,98.98,0.90,7.7,7.2,7.3
22,4,20,1730,D   ,85.4,4.4,15.0,15.5,88.7,3.3,15.2,15.4,6.9,55.5,0.3,0.0,16.30,0.00,98.90,1.00,7.8,7.2,7.3
22,4,20,1830,D   ,123.8,6.5,8.6,15.5,130.9,4.0,11.9,14.9,7.1,58.4,1.3,0.0,2.40,-10.40,98.83,1.01,7.9,7.2,7.3
22,4,20,1930,D   ,124.7,4.9,10.0,15.1,120.9,3.3,14.0,14.9,6.3,54.8,0.4,0.0,0.00,-14.10,98.84,0.96,8.0,7.2,7.3
22,4,20,2030,D   ,49.6,4.0,28.9,12.8,50.1,3.6,23.8,12.6,6.2,63.5,0.6,0.0,0.00,-20.40,98.88,0.95,8.0,7.2,7.2
22,4,20,2130,D   ,30.5,5.0,9.6,7.0,37.0,4.0,15.5,7.1,4.9,83.3,-0.2,0.0,0.00,-35.10,98.87,0.87,8.1,7.2,7.2
22,4,20,2230,D   ,49.1,4.8,19.7,6.9,56.5,3.3,16.7,7.0,4.7,82.9,-0.1,0.0,0.00,-14.90,98.86,0.85,8.1,7.2,7.2
22,4,20,2330,D   ,82.3,4.2,11.0,7.4,84.5,3.1,10.4,7.4,4.8,81.4,0.0,0.0,0.00,-21.10,98.86,0.86,8.1,7.2,7.2
22,4,20,2400,X   ,133.5,4.6,11.7,9.4,139.3,3.6,16.5,9.5,0.3,52.5,-0.1,0.0,109.50,58.20,99.13,0.67,7.5,7.2,7.2
23,4,20,30,D   ,59.1,4.0,9.4,7.4,60.4,2.9,11.8,7.4,4.7,80.9,0.1,0.0,0.00,-18.60,98.80,0.85,8.0,7.2,7.2
23,4,20,130,D   ,89.2,4.1,20.3,7.5,95.1,2.9,13.2,7.2,4.7,81.5,0.5,0.0,0.00,-23.80,98.70,0.86,8.0,7.2,7.2
23,4,20,230,D   ,149.2,6.5,11.0,9.5,145.3,3.1,8.9,6.9,4.6,82.6,5.3,0.0,0.00,-36.80,98.54,0.85,7.9,7.2,7.2
23,4,20,330,F   ,171.8,4.2,10.5,9.5,154.9,2.2,42.2,8.0,4.9,78.4,2.9,0.0,0.00,-33.80,98.50,0.87,7.9,7.2,7.2
23,4,20,430,D   ,191.7,4.4,6.3,9.6,194.0,2.1,36.4,8.6,5.6,78.9,2.0,0.0,0.80,4.10,98.52,0.91,7.8,7.2,7.2
23,4,20,530,D   ,180.7,2.9,33.5,9.6,105.0,2.2,23.4,8.9,6.2,80.9,1.3,0.0,29.90,1.20,98.55,0.95,7.8,7.2,7.2
23,4,20,630,C   ,92.3,2.1,31.4,9.2,81.6,2.2,22.6,9.0,6.3,81.0,0.4,0.0,97.20,50.90,98.64,0.96,7.7,7.2,7.2
23,4,20,730,B   ,160.4,1.1,50.8,10.2,106.0,1.6,45.0,10.4,7.9,82.0,-0.4,0.0,148.30,92.80,98.70,1.07,7.7,7.3,7.3
23,4,20,830,B   ,262.0,1.3,36.5,11.5,263.8,1.9,31.7,11.9,9.3,81.9,-0.7,0.0,193.40,126.00,98.76,1.17,7.7,7.3,7.3
23,4,20,930,C   ,226.0,1.5,19.6,12.1,228.0,2.0,24.0,12.4,9.9,82.1,-0.6,0.0,103.40,69.20,98.77,1.22,7.7,7.3,7.3
23,4,20,1030,C   ,219.1,1.8,13.6,12.7,230.9,2.4,20.8,13.0    1,0.5,82.9,-0.6,0.0,172.00,115.10,98.74,1.27,7.7,7.3,7.3
23,4,20,1130,B   ,777.7,1.0   7,77.7,13.6,212.9,1.6,47.9,14.0    1,1.0,79.9,-0.7,0.0,322.70,216.20,98.74,1.32,7.8,7.3,7.3
23,4,20,1230,B   ,298.6,1.9,51.9,14.8,299.1,2.5,40.6,15.1    1,1.3,75.1,-0.7,0.0,431.60,288.30,98.76,1.34,7.9,7.3,7.3
23,4,20,1330,C   ,60.5,3.4,20.3,13.8,73.5,3.6,17.0,14.1    1,0.5,76.3,-0.6,0.0,197.90,129.80,98.71,1.27,8.0,7.3,7.3
23,4,20,1430,C   ,83.0,3.4,13.9,14.2,90.4,3.6,15.9,14.5,9.9,71.5,-0.7,0.0,320.90,208.90,98.69,1.22,8.2,7.3,7.3
23,4,20,1530,C   ,76.6,4.0,18.9,14.1,83.6,4.0,16.5,14.5,8.9,67.2,-0.7,0.0,238.00,155.00,98.70,1.15,8.3,7.3,7.3
23,4,20,1630,C   ,65.1,4.5,12.1,12.7,77.0,4.2,12.1,12.9,8.5,72.2,-0.5,0.0,123.50,73.40,98.67,1.12,8.5,7.3,7.3
23,4,20,1730,C   ,29.7,4.1,12.5,10.7,43.6,3.6,16.5,11.0,6.3,70.7,-0.5,0.0,80.00,44.80,98.67,0.96,8.6,7.3,7.3
23,4,20,1830,D   ,30.9,4.7,10.0,8.5,41.5,3.8,15.4,8.8,5.7,78.5,-0.5,0.0,9.00,3.20,98.66,0.92,8.7,7.3,7.3
23,4,20,1930,D   ,25.7,5.0,13.1,6.9,38.2,3.7,18.4,7.1,5.3,85.5,-0.4,0.0,0.00,-4.40,98.68,0.89,8.8,7.3,7.3
23,4,20,2030,D   ,24.5,4.9,10.3,6.5,34.0,3.7,17.8,6.7,5.1,87.0,-0.4,0.0,0.00,-1.70,98.73,0.88,8.8,7.3,7.3
23,4,20,2130,D   ,32.6,4.3,14.9,6.2,42.4,3.5,15.8,6.4,5.1,88.5,-0.4,0.0,0.00,-2.90,98.73,0.88,8.8,7.3,7.3
23,4,20,2230,D   ,46.0,4.7,13.6,5.9,52.0,3.7,18.7,6.1,5.0,89.7,-0.4,0.0,0.00,-2.90,98.69,0.87,8.7,7.3,7.3
23,4,20,2330,F   ,5.5,3.6,17.4,5.8,13.1,2.7,26.0,5.9,4.9,90.3,-0.3,0.0,0.00,-3.70,98.74,0.87,8.7,7.3,7.3
23,4,20,2400,X   ,68.6,3.5,18.0,10.1,68.9,2.9,25.8,10.0,7.2,80.2,0.1,0.0,102.90,60.40,98.68,1.03,8.2,7.3,7.3
24,4,20,30,D   ,12.2,5.0,8.4,5.7,23.7,3.3,18.2,5.8,5.0,91.6,-0.3,0.0,0.00,-2.10,98.73,0.88,8.6,7.3,7.3
24,4,20,130,D   ,27.1,4.3,13.1,5.5,39.4,3.3,17.6,5.7,5.1,92.7,-0.3,0.0,0.00,-4.80,98.72,0.88,8.6,7.3,7.3
24,4,20,230,D   ,36.8,3.6,11.3,5.4,45.8,3.2,15.4,5.5,5.2,94.2,-0.3,0.0,0.00,-4.00,98.73,0.89,8.5,7.3,7.3
24,4,20,330,D   ,40.8,3.7,12.1,5.2,50.3,3.1,15.1,5.3,5.3,96.7,-0.3,0.0,0.00,-4.40,98.77,0.89,8.5,7.3,7.3
24,4,20,430,D   ,33.5,4.3,9.1,4.9,42.0,3.5,16.1,5.1,5.2,97.3,-0.3,0.0,0.10,-4.10,98.81,0.88,8.4,7.3,7.3
24,4,20,530,D   ,26.3,3.5,13.7,4.8,34.2,2.8,18.0,4.9,5.1,97.8,-0.2,0.0,4.20,-1.00,98.91,0.88,8.3,7.3,7.3
24,4,20,630,D   ,44.8,3.8,13.7,4.7,50.8,3.3,17.4,4.8,5.0,98.1,-0.3,0.0,26.70,15.40,98.99,0.87,8.3,7.3,7.3
24,4,20,730,C   ,31.3,3.4,13.2,4.8,42.5,3.0,19.4,5.2,4.9,95.3,-0.7,0.0,114.10,73.80,99.06,0.87,8.2,7.3,7.3
24,4,20,830,C   ,100.7,4.5,62.2,5.8,47.3,3.1,22.0,6.2,4.9,88.8,-0.8,0.0,277.60,179.20,99.14,0.87,8.2,7.3,7.3
24,4,20,930,C   ,115.9,2.5,43.2,6.2,46.1,2.7,21.9,6.5,4.8,86.4,-0.6,0.0,201.00,129.30,99.20,0.86,8.2,7.3,7.3
24,4,20,1030,C   ,53.2,3.4,19.6,6.6,62.0,3.3,16.2,7.0,5.0,84.6,-0.7,0.0,207.50,134.20,99.22,0.87,8.2,7.3,7.3
24,4,20,1130,B   ,55.0,4.8,12.1,7.3,63.7,4.3,19.6,7.8,5.4,82.2,-1.0,0.0,584.50,392.20,99.20,0.90,8.2,7.3,7.3
24,4,20,1230,B   ,46.7,2.8,19.7,8.7,49.0,3.2,22.0,9.2,5.5,75.4,-0.8,0.0,461.30,303.30,99.29,0.90,8.2,7.4,7.3
24,4,20,1330,C   ,34.7,3.6,13.2,8.5,45.3,3.6,18.0,9.1,5.2,74.7,-1.0,0.0,291.30,189.00,99.31,0.89,8.3,7.4,7.3
24,4,20,1430,C   ,36.4,3.7,13.3,7.9,44.6,3.5,18.7,8.4,4.6,74.9,-1.0,0.0,259.50,167.10,99.29,0.85,8.4,7.4,7.3
24,4,20,1530,C   ,48.3,4.2,16.3,7.8,57.3,3.8,16.1,8.2,4.3,74.0,-0.9,0.0,248.80,158.60,99.26,0.83,8.5,7.4,7.3
24,4,20,1630,C   ,58.1,5.4,8.3,7.5,67.6,4.3,14.1,7.9,3.9,73.7,-0.8,0.0,155.30,97.40,99.23,0.81,8.6,7.4,7.3
24,4,20,1730,C   ,61.2,5.2,8.4,6.8,71.0,4.2,13.4,7.1,3.5,75.3,-0.6,0.0,52.80,29.90,99.24,0.79,8.6,7.4,7.3
24,4,20,1830,D   ,52.5,4.4,10.0,6.2,59.1,3.8,14.1,6.4,3.0,76.6,-0.4,0.0,10.50,-10.80,99.22,0.76,8.7,7.3,7.3
24,4,20,1930,D   ,45.8,4.0,10.6,5.5,52.0,3.3,15.6,5.5,2.7,78.9,-0.1,0.0,0.00,-41.30,99.20,0.74,8.7,7.3,7.3
24,4,20,2030,D   ,45.4,3.7,10.6,5.1,51.8,3.0,14.7,5.1,3.0,83.0,0.0,0.0,0.00,-38.40,99.19,0.76,8.6,7.3,7.3
24,4,20,2130,D   ,50.0,3.7,11.8,4.9,53.2,2.8,15.9,4.9,3.1,84.9,0.0,0.0,0.00,-28.70,99.20,0.77,8.6,7.3,7.3
24,4,20,2230,D   ,45.2,4.2,10.8,4.8,51.4,3.3,14.7,4.8,2.9,84.3,-0.1,0.0,0.00,-22.00,99.16,0.75,8.5,7.3,7.3
24,4,20,2330,D   ,51.1,4.4,9.2,4.8,55.3,3.2,14.4,4.9,2.4,81.3,-0.1,0.0,0.00,-19.70,99.15,0.73,8.5,7.3,7.3
24,4,20,2400,X   ,45.1,4.0,15.6,6.1,51.1,3.4,17.2,6.3,4.4,85.1,-0.5,0.0,120.60,70.30,99.09,0.84,8.4,7.3,7.3
25,4,20,30,D   ,48.3,4.8,9.4,4.9,53.0,3.7,14.5,4.9,2.1,79.4,-0.1,0.0,0.00,-14.10,99.14,0.71,8.4,7.3,7.3
25,4,20,130,D   ,54.0,4.1,9.4,4.9,59.2,3.1,15.0,5.0,1.9,78.1,-0.1,0.0,0.00,-13.20,99.13,0.70,8.3,7.4,7.3
25,4,20,230,D   ,49.5,4.2,8.9,5.2,51.3,3.3,14.6,5.2,2.2,78.5,-0.1,0.0,0.00,-10.90,99.10,0.72,8.2,7.4,7.3
25,4,20,330,D   ,46.2,3.8,9.9,5.5,49.1,3.1,13.6,5.5,3.1,81.8,0.1,0.0,0.00,-5.80,99.13,0.77,8.1,7.4,7.3
25,4,20,430,D   ,34.8,5.3,7.6,5.5,38.0,3.7,13.1,5.3,4.3,89.7,0.3,1.2,0.00,-5.30,99.13,0.83,8.1,7.4,7.3
25,4,20,530,D   ,29.4,6.3,7.5,5.6,33.6,4.0,14.1,5.1,4.9,92.9,0.8,2.4,5.50,0.50,99.15,0.87,8.0,7.4,7.3
25,4,20,630,D   ,34.5,5.9,9.4,5.2,41.8,4.1,14.5,5.1,5.1,92.9,0.3,1.2,37.80,23.60,99.17,0.88,7.9,7.4,7.3
25,4,20,730,C   ,36.5,5.3,10.5,5.5,45.0,3.9,15.9,5.5,5.4,92.8,0.2,0.0,56.70,35.90,99.18,0.90,7.9,7.4,7.3
25,4,20,830,C   ,37.5,5.5,9.5,5.8,44.4,4.2,16.5,5.7,5.7,93.4,0.3,0.2,82.30,55.60,99.19,0.92,7.8,7.4,7.3
25,4,20,930,C   ,46.6,5.4,13.6,6.3,53.4,4.2,18.0,6.3,6.3,94.2,0.1,0.0,89.30,61.20,99.20,0.95,7.8,7.4,7.3
25,4,20,1030,C   ,51.6,5.7,11.0,7.0,56.8,4.3,16.0,6.8,6.9,95.2,0.4,0.2,55.80,38.50,99.24,1.00,7.8,7.4,7.3
25,4,20,1130,D   ,39.7,6.6,10.1,6.6,47.2,5.0,15.8,6.4,6.5,94.8,0.4,0.2,74.40,50.50,99.23,0.97,7.7,7.4,7.3
25,4,20,1230,D   ,36.7,7.3,9.4,6.1,44.0,5.7,14.4,5.7,5.4,91.1,0.6,0.0,124.40,83.90,99.22,0.90,7.7,7.4,7.3
25,4,20,1330,D   ,31.0,7.2,10.0,5.7,39.2,5.3,15.8,5.5,4.8,89.9,0.3,0.4,84.80,55.30,99.22,0.86,7.7,7.4,7.3
25,4,20,1430,D   ,26.5,7.9,9.5,4.9,36.2,5.5,16.4,5.0,4.1,90.5,-0.2,0.2,97.10,63.50,99.19,0.82,7.7,7.4,7.3
25,4,20,1530,C   ,30.5,6.7,11.2,4.6,40.2,4.9,17.0,4.7,4.0,90.7,-0.3,0.8,73.30,47.60,99.20,0.81,7.7,7.4,7.3
25,4,20,1630,D   ,28.9,7.1,9.7,4.3,38.1,5.1,15.4,4.3,4.0,91.5,0.0,1.0,51.60,32.50,99.23,0.82,7.7,7.4,7.3
25,4,20,1730,D   ,27.0,7.4,9.4,4.2,36.0,5.0,15.5,4.4,4.0,91.1,-0.4,0.4,25.40,13.30,99.24,0.81,7.7,7.4,7.3
25,4,20,1830,D   ,22.1,7.6,8.1,4.0,29.9,4.8,17.1,4.4,3.8,91.3,-0.8,0.2,2.80,-3.90,99.26,0.80,7.7,7.4,7.3
25,4,20,1930,D   ,21.6,7.1,7.6,3.9,29.6,4.5,16.7,4.3,3.6,90.9,-0.9,0.2,0.00,-6.10,99.29,0.79,7.7,7.4,7.3
25,4,20,2030,D   ,22.6,6.2,7.9,3.9,29.9,3.6,17.3,4.4,3.2,87.9,-1.1,0.0,0.00,-7.50,99.33,0.77,7.6,7.4,7.3
25,4,20,2130,E   ,2.6,6.4,7.4,4.3,1.2,2.7,19.2,4.6,2.9,85.6,-0.4,0.0,0.00,-10.70,99.33,0.75,7.6,7.4,7.3
25,4,20,2230,D   ,352.2,6.0,5.2,5.4,349.1,2.8,16.2,4.7,2.5,82.7,1.4,0.0,0.00,-14.00,99.33,0.74,7.5,7.4,7.3
25,4,20,2330,D   ,353.8,6.7,4.6,5.9,348.0,2.8,15.5,4.9,2.3,80.4,1.9,0.0,0.00,-14.40,99.35,0.72,7.5,7.4,7.3
25,4,20,2400,X   ,29.5,6.1,8.7,5.2,38.4,4.1,15.8,5.2,4.1,88.6,0.1,8.6,35.90,19.00,99.22,0.83,7.8,7.4,7.3
26,4,20,30,E   ,359.6,7.5,4.6,6.1,357.3,3.2,23.5,5.3,1.8,75.5,1.7,0.0,0.00,-14.70,99.36,0.70,7.4,7.4,7.3
26,4,20,130,D   ,3.1,7.1,5.6,6.2,123.3,6.2,26.9,5.5,1.5,72.7,1.4,0.0,0.00,-20.60,99.36,0.68,7.4,7.4,7.3
26,4,20,230,E   ,6.0,6.8,6.2,6.2,7.8,3.0,18.1,5.5,1.5,72.4,1.3,0.0,0.00,-25.90,99.37,0.68,7.3,7.4,7.3
26,4,20,330,D   ,359.0,6.9,6.6,5.9,357.7,3.2,16.8,5.2,1.4,73.5,1.2,0.0,0.00,-31.80,99.39,0.68,7.3,7.5,7.3
26,4,20,430,D   ,356.1,6.4,7.6,5.5,1.6,2.9,18.4,5.0,1.2,73.6,0.9,0.0,0.40,-29.40,99.43,0.67,7.3,7.5,7.3
26,4,20,530,D   ,2.6,7.1,7.7,5.4,7.4,3.8,18.8,5.0,0.7,71.3,0.7,0.0,32.60,-7.80,99.50,0.65,7.2,7.5,7.3
26,4,20,630,C   ,10.0,6.8,9.2,5.8,15.0,3.9,20.3,5.8,0.6,66.6,0.2,0.0,144.30,66.50,99.59,0.64,7.2,7.5,7.3
26,4,20,730,C   ,5.9,6.3,11.2,6.7,15.8,3.8,21.3,6.9,0.8,63.0,-0.3,0.0,262.40,144.90,99.71,0.65,7.1,7.5,7.3
26,4,20,830,B   ,14.1,6.2,12.3,8.7,27.9,4.6,20.0,9.2,0.1,51.2,-0.8,0.0,554.60,344.60,99.81,0.62,7.1,7.5,7.3
26,4,20,930,B   ,20.7,6.5,13.4,11.0,29.2,5.0,19.7,-11.4,1.3,39.5,-0.8,0.0,725.50,466.50,99.91,0.56,7.1,7.6,7.4
26,4,20,1030,C   ,25.8,8.1,13.4,12.4,35.5,6.0,20.3,-13.1,1.7,34.4,-1.4,0.0,857.80,567.00,99.93,0.54,7.2,7.6,7.4
26,4,20,1130,C   ,30.1,7.5,15.8,13.3,43.9,6.1,18.7,-14.1,1.1,34.0,-1.5,0.0,872.10,572.10,99.93,0.57,7.3,7.6,7.4
26,4,20,1230,C   ,18.6,8.9,12.8,13.9,30.9,6.5,21.4,-14.6,1.0,33.0,-1.5,0.0,898.80,591.40,99.95,0.57,7.5,7.6,7.4
26,4,20,1330,C   ,21.0,8.0,16.9,14.2,36.7,6.0,21.0,-14.9,0.5,33.5,-1.5,0.0,861.30,554.00,99.98,0.59,7.7,7.6,7.4
26,4,20,1430,C   ,28.2,7.5,14.3,14.6,39.9,5.9,19.3,-15.2,1.0,31.7,-1.3,0.0,751.50,463.20   1,0.02,0.57,7.9,7.6,7.4
26,4,20,1530,B   ,34.7,4.8,17.7,14.9,47.9,4.5,21.5,-15.4,0.8,32.0,-1.0,0.0,589.20,331.00   1,0.04,0.58,8.2,7.6,7.4
26,4,20,1630,B   ,40.9,4.5,15.7,14.9,52.2,4.1,19.2,-15.3,0.4,33.2,-0.8,0.0,389.40,183.20   1,0.06,0.60,8.5,7.6,7.4
26,4,20,1730,C   ,46.9,4.1,12.4,14.5,55.9,3.6,17.3,-14.7,0.3,34.8,-0.3,0.0,181.30,39.10   1,0.05,0.60,8.7,7.6,7.4
26,4,20,1830,D   ,47.1,4.0,9.8,13.6,52.5,3.0,15.1,-13.3,1.4,34.9,0.7,0.0,25.60,-55.20   1,0.02,0.55,8.8,7.6,7.4
26,4,20,1930,E   ,52.8,3.5,6.4,12.7,50.5,2.3,12.8,-11.7,3.5,32.6,2.0,0.0,0.00,-56.00,99.96,0.48,8.9,7.6,7.4
26,4,20,2030,D   ,49.5,3.3,6.6,10.5,51.3,2.4,10.1,-8.9,2.2,41.4,3.1,0.0,0.00,-54.30,99.95,0.52,8.9,7.6,7.3
26,4,20,2130,E   ,76.6,3.0,11.8,9.4,93.7,1.7,13.1,-7.3,2.1,45.8,4.1,0.0,0.00,-48.10,99.91,0.52,8.9,7.6,7.3
26,4,20,2230,F   ,88.7,1.8,10.5,9.0,79.1,1.4,42.6,-7.1,2.2,46.9,3.9,0.0,0.00,-44.60,99.88,0.52,8.8,7.6,7.3
26,4,20,2330,F   ,142.1,1.5,22.9,8.7,218.1,1.3,49.0,-6.2,1.9,51.3,4.9,0.0,0.00,-43.20,99.88,0.53,8.7,7.6,7.3
26,4,20,2400,X   ,20.7,5.8,10.5,10.2,33.1,3.9,22.6,-9.9,0.5,49.1,0.6,0.0,297.80,162.20,99.79,0.59,7.9,7.6,7.3
27,4,20,30,E   ,143.6,2.0,9.9,8.5,155.1,1.5,14.9,-6.0,0.9,56.2,5.1,0.0,0.00,-41.70,99.82,0.57,8.6,7.6,7.3
27,4,20,130,E   ,164.0,3.1,8.7,9.0,196.3,1.8,13.8,-5.5,1.2,56.6,6.9,0.0,0.00,-41.50,99.77,0.56,8.4,7.6,7.3
27,4,20,230,E   ,181.1,5.2,11.1,9.0,225.3,1.6,15.6,-5.1,1.6,56.8,7.7,0.0,0.00,-38.90,99.75,0.54,8.3,7.6,7.3
27,4,20,330,D   ,193.5,5.8,3.2,9.3,226.9,1.9,10.7,-4.6,1.0,61.9,9.4,0.0,0.00,-37.00,99.73,0.57,8.1,7.6,7.3
27,4,20,430,D   ,198.4,7.1,2.4,9.7,213.4,2.9,7.8,-5.4,1.8,55.2,8.7,0.0,1.20,-38.80,99.72,0.54,8.0,7.6,7.3
27,4,20,530,C   ,204.6,6.7,4.0,8.9,219.8,3.0,9.3,-6.3,3.0,47.5,5.3,0.0,62.40,-6.30,99.75,0.49,7.8,7.6,7.3
27,4,20,630,C   ,211.0,5.8,5.6,9.4,221.0,3.5,11.6,-8.0,2.7,42.7,2.8,0.0,231.00,104.50,99.87,0.50,7.7,7.6,7.4
27,4,20,730,B   ,210.8,5.0,9.9,11.5,212.7,4.5,13.2,-10.7,1.2,39.8,1.5,0.0,426.40,237.00,99.98,0.56,7.6,7.6,7.4
27,4,20,830,C   ,215.9,5.6,10.4,13.8,219.2,5.2,15.6,13.5,2.5,44.0,0.7,0.0,622.50,377.40   1,0.00,0.74,7.6,7.7,7.4
27,4,20,930,C   ,213.9,7.8,11.3,15.4,219.5,6.5,14.8,15.2,3.7,42.8,0.2,0.0,735.20,463.80   1,0.00,0.80,7.6,7.7,7.4
27,4,20,1030,C   ,208.0,8.6,11.8,16.5,213.4,7.4,16.5,16.6,4.7,42.3,-0.1,0.0,916.50,600.20,99.90,0.86,7.6,7.7,7.4
27,4,20,1130,C   ,203.4,9.8,12.9,17.8,207.7,8.0,16.3,18.0,3.0,34.6,-0.5,0.0,891.50,582.60,99.82,0.76,7.8,7.7,7.4
27,4,20,1230,D   ,200.5,9.9,13.4,17.5,207.6,7.4,15.1,17.8,3.5,37.3,-0.6,0.0,346.30,220.30,99.75,0.79,8.0,7.7,7.4
27,4,20,1330,D   ,202.7,9.4,11.8,17.2,208.9,7.2,14.5,17.3,3.6,38.9,-0.1,0.0,143.10,85.80,99.61,0.80,8.3,7.7,7.4
27,4,20,1430,D   ,205.9    1,0.2,10.4,16.0,210.0,7.7,13.7,16.0,5.2,46.8,0.1,0.0,81.10,44.40,99.49,0.89,8.5,7.7,7.4
27,4,20,1530,D   ,204.9,8.0,10.4,15.3,211.5,6.2,13.0,15.3,7.2,56.4,0.1,0.2,72.50,42.30,99.42,1.02,8.7,7.7,7.4
27,4,20,1630,D   ,203.6,5.9,7.8,14.5,208.8,3.8,11.6,13.9,9.2,70.6,1.2,0.0,37.70,18.30,99.37,1.17,8.9,7.7,7.4
27,4,20,1730,D   ,203.0,5.2,8.2,15.0,201.0,3.4,11.7,14.5,9.4,69.0,0.9,0.0,23.00,9.80,99.33,1.18,8.9,7.7,7.4
27,4,20,1830,D   ,204.6,5.8,8.4,15.4,205.7,4.2,11.9,15.1,9.7,67.7,0.6,0.0,6.80,-0.90,99.31,1.21,9.0,7.7,7.4
27,4,20,1930,D   ,194.1,5.2,7.0,15.3,190.2,3.5,10.4,14.9    1,0.1,70.6,0.7,0.0,0.00,-7.90,99.28,1.24,9.0,7.7,7.4
27,4,20,2030,D   ,186.1,4.2,9.9,15.0,162.2,2.7,13.2,14.6    1,0.4,73.4,0.9,0.0,0.00,-8.40,99.26,1.26,9.1,7.7,7.4
27,4,20,2130,E   ,31.0,5.0,34.5,13.4,40.7,3.5,32.8,13.0    1,1.4,86.2,0.8,0.8,0.00,-4.20,99.30,1.35,9.1,7.7,7.4
27,4,20,2230,E   ,76.3,2.4,40.3,13.2,109.3,2.1,14.8,12.0    1,2.2,96.1,2.5,0.0,0.00,-4.00,99.30,1.43,9.1,7.7,7.4
27,4,20,2330,D   ,147.6,3.9,6.3,12.6,157.3,2.5,12.6,11.9    1,2.3,98.3,1.4,0.0,0.00,-4.40,99.25,1.44,9.1,7.7,7.4
27,4,20,2400,X   ,199.2,6.1,11.1,13.3,206.6,4.3,14.7,12.1,4.4,58.0,2.3,1.0,191.60,106.40,99.62,0.89,8.4,7.6,7.4
28,4,20,30,F   ,155.1,3.4,11.3,13.0,147.9,2.2,19.6,11.9    1,2.3,98.4,2.2,3.4,0.00,-3.50,99.23,1.43,9.1,7.6,7.4
28,4,20,130,D   ,178.1,5.9,4.1,13.4,171.5,2.4,8.5,11.9    1,2.4,98.6,2.9,0.0,0.00,-6.00,99.18,1.44,9.1,7.6,7.4
28,4,20,230,D   ,173.4,5.3,6.6,12.9,176.7,3.0,9.0,12.0    1,2.3,96.2,1.8,0.0,0.00,-13.40,99.17,1.43,9.2,7.6,7.4
28,4,20,330,D   ,173.6,5.1,5.5,12.7,170.7,2.7,9.1,11.8    1,2.0,96.3,1.7,0.0,0.00,-15.00,99.16,1.41,9.2,7.6,7.4
28,4,20,430,D   ,178.0,4.6,5.7,12.3,168.1,2.4,7.4,11.6    1,1.8,96.9,1.4,0.0,1.90,-12.80,99.15,1.38,9.1,7.7,7.4
28,4,20,530,C   ,197.1,5.0,7.2,12.2,196.0,3.1,10.0,11.6    1,1.5,95.8,1.3,0.0,81.70,41.50,99.16,1.36,9.1,7.7,7.4
28,4,20,630,C   ,204.7,4.5,8.1,12.7,205.2,3.4,10.8,12.6    1,1.8,91.9,0.2,0.0,212.90,122.80,99.21,1.38,9.1,7.7,7.4
28,4,20,730,B   ,215.3,4.0,13.4,13.9,220.6,3.8,14.7,14.1    1,2.3,86.6,-0.3,0.0,396.20,234.50,99.25,1.43,9.1,7.7,7.4
28,4,20,830,B   ,231.7,4.0,12.6,15.8,236.9,4.0,16.5,16.1    1,2.7,78.1,-0.7,0.0,585.10,376.50,99.31,1.47,9.1,7.7,7.4
28,4,20,930,B   ,227.7,3.2,20.6,17.0,232.4,3.6,18.9,17.4    1,2.6,71.6,-0.8,0.0,631.30,415.50,99.34,1.46,9.2,7.8,7.4
28,4,20,1030,B   ,205.6,3.4,17.9,18.1,215.9,3.5,26.6,18.6    1,2.8,67.0,-0.9,0.0,847.20,582.90,99.30,1.48,9.3,7.8,7.5
28,4,20,1130,B   ,187.6,4.6,16.0,19.7,194.6,4.1,22.4,20.5    1,2.7,60.6,-1.6,0.0,865.70,586.60,99.22,1.47,9.4,7.8,7.4
28,4,20,1230,B   ,170.8,5.8,16.2,21.1,172.0,4.8,17.8,21.9    1,3.2,57.5,-1.7,0.0,855.90,586.80,99.12,1.52,9.6,7.8,7.5
28,4,20,1330,C   ,179.3,8.2,13.0,22.0,185.1,6.0,17.0,22.8    1,3.6,56.2,-1.4,0.0,473.50,319.60,99.07,1.57,9.9,7.8,7.5
28,4,20,1430,D   ,183.1,9.9,10.5,22.6,189.6,6.9,14.0,23.2    1,3.6,54.5,-1.1,0.0,311.40,206.00,98.96,1.56    1,0.2,7.8,7.5
28,4,20,1530,D   ,187.5    1,0.0,9.6,22.5,194.1,6.9,13.3,22.7    1,3.7,56.2,-0.5,0.0,67.30,38.20,98.82,1.57    1,0.5,7.8,7.5
28,4,20,1630,D   ,219.5,6.4,45.8,20.7,236.8,4.6,21.8,20.9    1,4.4,65.8,-0.3,1.4,3.20,-10.20,98.73,1.65    1,0.8,7.8,7.4
28,4,20,1730,D   ,180.7,8.6,12.3,17.3,185.1,4.7,17.1,16.8    1,6.0,87.2,1.0,1.4,17.30,-1.00,98.62,1.82    1,0.9,7.8,7.4
28,4,20,1830,D   ,176.0,8.4,8.3,17.4,178.9,4.2,12.9,16.8    1,5.8,87.2,1.2,0.4,1.30,-12.50,98.51,1.80    1,1.1,7.8,7.4
28,4,20,1930,D   ,183.4,8.8,11.9,17.7,191.9,5.6,13.4,17.4    1,5.6,85.5,0.7,0.0,0.00,-16.20,98.41,1.78    1,1.2,7.8,7.4
28,4,20,2030,D   ,197.5,7.0,10.5,17.4,209.5,4.9,13.7,17.5    1,4.7,82.5,-0.2,0.0,0.00,-16.50,98.36,1.68    1,1.2,7.8,7.4
28,4,20,2130,D   ,208.6,5.3,21.8,16.3,218.1,3.8,19.6,16.4    1,3.7,82.6,-0.2,0.2,0.00,-12.60,98.34,1.57    1,1.2,7.8,7.4
28,4,20,2230,F   ,223.9,2.9,38.1,15.8,214.9,2.0,31.4,15.7    1,4.1,88.2,0.2,1.2,0.00,-6.20,98.35,1.61    1,1.3,7.8,7.4
28,4,20,2330,F   ,188.5,3.5,8.8,15.1,177.9,2.3,19.2,14.7    1,4.6,95.4,0.7,0.6,0.00,-8.40,98.24,1.67    1,1.3,7.8,7.4
28,4,20,2400,X   ,189.1,5.7,11.6,16.7,195.6,4.0,17.0,16.5    1,3.3,80.7,0.2    1,2.4,223.00,140.70,98.93,1.54    1,0.0,7.7,7.4
29,4,20,30,D   ,199.6,5.3,10.9,14.9,202.6,3.6,12.8,14.6    1,4.6,96.5,0.7,0.2,0.00,-6.40,98.17,1.67    1,1.3,7.8,7.4
29,4,20,130,D   ,205.8,5.8,9.7,14.6,212.5,4.4,13.0,14.4    1,4.5,96.3,0.3,1.2,0.00,-1.70,98.09,1.65    1,1.3,7.8,7.4
29,4,20,230,D   ,208.5,6.3,14.4,14.3,216.2,4.6,17.2,14.4    1,4.5,97.7,-0.1,1.0,0.00,-1.00,98.02,1.65    1,1.2,7.8,7.4
29,4,20,330,D   ,242.2,4.9,13.8,12.4,245.5,4.0,11.8,12.5    1,2.7,97.9,-0.3,1.0,0.00,-2.00,97.97,1.47    1,1.2,7.8,7.4
29,4,20,430,D   ,230.4,4.0,8.8,11.5,234.4,3.3,12.3,11.6    1,1.9,98.6,-0.3,0.6,0.00,-2.50,97.92,1.39    1,1.2,7.8,7.4
29,4,20,530,D   ,263.0,5.0,11.9,10.6,265.4,4.1,12.7,10.8    1,1.0,98.2,-0.3,3.0,3.00,-0.90,97.89,1.32    1,1.2,7.8,7.4
29,4,20,630,D   ,279.7,4.9,8.1,10.2,282.2,3.9,11.9,10.3    1,0.6,97.7,-0.2,2.4,15.90,7.70,97.82,1.28    1,1.2,7.8,7.4
29,4,20,730,D   ,271.9,4.5,15.0,10.1,270.5,3.8,11.7,10.2    1,0.4,97.3,-0.2,2.0,28.10,18.70,97.82,1.26    1,1.1,7.8,7.4
29,4,20,830,D   ,260.1,5.2,8.5,10.1,262.2,4.2,11.2,10.2    1,0.4,97.0,-0.2,2.6,39.70,27.50,97.85,1.26    1,1.1,7.8,7.4
29,4,20,930,C   ,264.8,6.0,13.7,10.2,266.8,4.9,11.1,10.3    1,0.5,97.0,-0.3,2.4,99.10,70.00,97.87,1.27    1,1.0,7.8,7.4
29,4,20,1030,C   ,285.1,4.2,11.5,10.9,280.9,3.6,12.5,11.1    1,1.2,97.3,-0.4,0.8,127.90,90.00,97.90,1.34    1,0.9,7.9,7.4
29,4,20,1130,C   ,313.3,3.9,24.0,11.7,312.3,3.1,17.5,11.9    1,2.0,96.5,-0.4,1.4,141.00,99.90,97.96,1.41    1,0.8,7.9,7.4
29,4,20,1230,C   ,342.1,6.6,10.4,10.7,342.7,4.0,17.3,10.9    1,0.9,94.8,-0.4,1.0,125.40,87.10,98.01,1.31    1,0.8,7.9,7.4
29,4,20,1330,C   ,349.8,4.5,11.5,9.6,353.5,2.8,22.6,9.8,9.8,94.8,-0.3,2.2,54.20,35.80,98.05,1.21    1,0.8,7.9,7.4
29,4,20,1430,D   ,0.5,4.6,11.4,8.9,4.3,2.7,20.8,9.0,9.2,95.9,-0.3,3.0,35.10,21.90,98.10,1.16    1,0.8,7.9,7.4
29,4,20,1530,C   ,342.7,6.1,8.3,8.2,343.1,3.7,16.7,8.3,8.4,95.7,-0.3,3.2,51.50,32.70,98.17,1.11    1,0.7,7.9,7.4
29,4,20,1630,D   ,340.6,7.9,8.3,7.6,341.6,4.7,16.6,7.7,7.8,95.1,-0.3,1.4,42.90,24.30,98.22,1.06    1,0.7,7.9,7.4
29,4,20,1730,D   ,338.6,7.0,11.7,7.3,339.0,4.3,16.7,7.4,7.3,93.4,-0.2,1.2,20.20,7.10,98.27,1.03    1,0.6,7.9,7.4
29,4,20,1830,D   ,348.4,9.0,10.9,6.5,350.9,5.0,20.4,6.5,6.1,89.3,0.0,0.6,6.40,-5.10,98.30,0.94    1,0.6,7.9,7.4
29,4,20,1930,D   ,344.9,8.6,11.7,6.0,346.4,4.9,21.3,6.0,5.6,89.2,0.0,1.2,0.00,-9.60,98.36,0.91    1,0.5,7.9,7.4
29,4,20,2030,D   ,347.5,5.9,11.9,5.5,350.3,3.5,20.7,5.5,5.3,91.6,0.0,1.6,0.00,-9.30,98.41,0.89    1,0.5,7.9,7.4
29,4,20,2130,D   ,333.6,7.1,12.1,5.1,331.0,4.7,16.7,5.1,4.9,91.3,-0.1,2.0,0.00,-8.30,98.38,0.87    1,0.4,7.9,7.4
29,4,20,2230,D   ,336.7,7.5,12.3,4.6,333.9,4.9,16.8,4.6,4.2,90.1,0.0,0.8,0.00,-9.30,98.34,0.83    1,0.3,7.9,7.4
29,4,20,2330,D   ,335.5,7.6,12.2,4.8,333.8,4.8,16.9,4.9,4.6,91.1,0.0,0.6,0.00,-8.30,98.33,0.85    1,0.2,8.0,7.4
29,4,20,2400,X   ,310.2,5.9,9.9,9.4,302.7,4.1,16.2,9.5,9.5,95.0,-0.2    5,3.3,32.90,19.10,98.09,1.21    1,0.9,7.9,7.4
30,4,20,30,D   ,333.8,5.6,11.0,5.0,333.7,3.7,16.6,5.0,4.8,93.3,0.0,0.4,0.00,-7.80,98.27,0.87    1,0.2,8.0,7.4
30,4,20,130,D   ,338.0,7.7,11.4,4.9,336.9,4.8,18.5,4.9,4.6,90.7,0.0,0.2,0.00,-8.40,98.23,0.85    1,0.1,8.0,7.4
30,4,20,230,D   ,339.7,8.7,11.2,4.6,338.8,5.1,19.0,4.6,4.2,89.4,0.0,0.2,0.00,-9.00,98.24,0.83    1,0.0,8.0,7.4
30,4,20,330,D   ,338.2,8.4,10.8,4.8,337.9,5.2,17.7,4.7,4.2,88.5,0.2,0.0,0.00,-9.10,98.27,0.83,9.9,8.0,7.4
30,4,20,430,D   ,336.1,6.7,9.7,5.4,336.0,4.3,16.3,5.4,5.0,92.2,-0.1,0.0,0.10,-6.00,98.32,0.87,9.9,8.0,7.4
30,4,20,530,D   ,337.2,7.6,10.6,5.4,335.1,4.8,17.3,5.4,5.1,92.8,0.0,0.0,6.10,-0.20,98.38,0.88,9.8,8.0,7.4
30,4,20,630,D   ,338.7,8.4,10.4,5.4,336.7,5.3,17.2,5.4,5.0,91.2,-0.1,0.0,29.00,16.90,98.42,0.88,9.7,8.1,7.4
30,4,20,730,D   ,340.7,8.8,10.8,6.1,342.4,5.2,19.1,5.8,4.7,87.3,0.7,0.0,48.30,29.50,98.49,0.86,9.7,8.1,7.4
30,4,20,830,D   ,344.8,9.0,10.9,6.9,347.7,5.3,20.2,7.0,4.1,80.3,-0.2,0.0,77.10,49.00,98.57,0.82,9.6,8.1,7.4
30,4,20,930,D   ,345.6,9.5,11.3,7.5,349.2,5.7,19.5,7.7,3.7,74.5,-0.4,0.0,143.20,96.30,98.66,0.80,9.5,8.1,7.4
30,4,20,1030,D   ,349.4,8.8,11.7,8.1,353.1,5.1,22.1,8.3,3.6,71.0,-0.5,0.0,150.70,101.30,98.74,0.79,9.5,8.1,7.4
30,4,20,1130,D   ,354.0,9.4,12.4,8.4,356.9,5.3,21.3,8.7,3.7,69.2,-0.6,0.0,193.40,131.30,98.82,0.80,9.5,8.1,7.4
30,4,20,1230,C   ,1.3,5.3,14.4,9.1,13.1,3.5,23.2,9.5,4.3,68.8,-0.8,0.0,233.70,157.10,98.89,0.83,9.4,8.1,7.4
30,4,20,1330,B   ,10.5,5.6,17.1,10.2,24.8,3.9,23.8,10.7,4.7,64.9,-1.0,0.0,370.30,251.20,98.98,0.86,9.4,8.2,7.5
30,4,20,1430,B   ,36.9,2.8,21.1,10.3,49.0,3.0,22.1,10.8,5.5,68.5,-0.9,0.0,453.80,307.70,99.04,0.91,9.4,8.2,7.5
30,4,20,1530,B   ,47.2,3.3,18.0,11.5,63.2,3.4,19.5,12.1,5.7,63.6,-1.2,0.0,583.40,364.70,99.13,0.92,9.5,8.2,7.5
30,4,20,1630,B   ,59.4,3.4,15.4,12.0,70.7,3.4,20.3,12.6,5.7,62.0,-1.2,0.0,397.60,207.70,99.20,0.92,9.5,8.2,7.5
30,4,20,1730,C   ,72.8,3.9,10.1,11.3,83.8,3.7,13.5,11.8,5.3,63.6,-0.9,0.0,193.50,56.50,99.22,0.89,9.6,8.2,7.5
30,4,20,1830,D   ,66.8,3.8,6.8,10.3,79.0,3.1,10.0,10.5,4.6,65.8,-0.3,0.0,32.00,-48.60,99.23,0.85,9.6,8.2,7.5
30,4,20,1930,E   ,50.1,3.2,9.5,9.4,57.5,2.1,14.6,9.1,3.7,67.4,0.7,0.0,0.00,-59.50,99.20,0.80,9.6,8.2,7.4
30,4,20,2030,E   ,40.2,3.6,13.1,8.4,46.4,2.2,14.1,8.1,2.8,67.4,0.6,0.0,0.00,-59.60,99.21,0.75,9.6,8.2,7.4
30,4,20,2130,E   ,32.3,4.1,7.5,7.7,39.1,2.3,13.1,7.2,2.5,70.4,1.0,0.0,0.00,-59.20,99.21,0.73,9.5,8.2,7.4
30,4,20,2230,F   ,28.6,4.0,5.4,7.7,23.5,1.8,18.9,6.8,2.0,70.1,1.7,0.0,0.00,-53.90,99.21,0.71,9.4,8.2,7.4
30,4,20,2330,F   ,34.0,3.0,8.7,7.9,7.1,1.6,19.0,6.8,1.6,67.9,2.2,0.0,0.00,-51.20,99.19,0.69,9.3,8.2,7.4
30,4,20,2400,X   ,357.8,6.0,11.2,7.8,4.2,3.9,18.5,7.9,4.2,75.9,0.0,6.9,121.30,58.20,98.80,0.83,9.6,8.1,7.4
 ,,,,,,,,,,,,,,,,,,,,,,,
"",,,,,,,,,,,,,,,,,,,,,,,